"Phi_1","thw_1","th1_1","th2_1","chk11_1","chk21_1","chk22_1","chk31_1","chk32_1","chk33_1","Phi_2","thw_2","th1_2","th2_2","chk11_2","chk21_2","chk22_2","chk31_2","chk32_2","chk33_2","asc_2","x_female_2","x_older45_2","logLike"
1,0,0.3,0.3,10,0,5,0,0,5,1,0,0.3,0.3,10,0,5,0,0,5,0,0,0,-14892.3521737114
0.986945372382162,-0.0187777655777332,0.303112591223096,0.308778321347606,10.1482209904135,-0.0404497502638468,5.0136436680413,-0.113840251245395,0.0476771809610688,5.01579608786708,0.986945372382162,-0.0187777655777332,0.303112591223096,0.308778321347606,10.1482209904135,-0.0404497502638468,5.0136436680413,-0.113840251245395,0.0476771809610688,5.01579608786708,1.72919803833448e-07,9.06852410333963e-08,8.965534484188e-08,-14603.2651369809
0.938318492268113,0.00843645597736966,0.315657447816315,0.349367396359099,8.00863561221724,-0.212128849702419,5.06354842509071,-0.865734355853029,-0.0302412657200034,4.72917793223905,0.938318502852883,0.00843645294132744,0.315657445318968,0.349367386306552,8.00863627152797,-0.212128821969704,5.06354841609027,-0.865734240133738,-0.0302412366698003,4.72917800012045,6.90228276851265e-07,6.07993714051212e-07,1.21019800055351e-06,-14129.5138143109
0.895351008604576,-0.0263309561233877,0.331936427850053,0.385840738854835,7.09533044084462,-0.265853216898567,5.12602160650716,-1.32282808216065,0.070838585256599,4.55360652310072,0.895351186841743,-0.026330754193189,0.331936366539765,0.38584066570057,7.09533189490173,-0.26585275440842,5.1260213051847,-1.32282686429662,0.0708383979423575,4.55360649864598,-3.22889583526439e-05,-5.16491257268458e-06,-3.94677265906599e-06,-13692.9608898723
0.830458161050099,-0.0655038914216573,0.355883347093127,0.413898272535329,6.58165535553518,-0.315195419791059,5.18301247198111,-1.90539507844214,0.0989399001223941,4.3238463618223,0.830458528567888,-0.0655022868657136,0.35588340724289,0.413901029416499,6.5816281141912,-0.315188906993455,5.18301063798145,-1.90544163303663,0.0989512205043953,4.32384446769533,-0.00378089333812338,-0.000722884003631941,-0.00083822244959151,-13199.2284789202
0.643179981488476,-0.0277267425674428,0.419602724693063,0.448129334206547,5.89843718354492,-0.379259395752475,5.11599302853909,-2.44532977631678,0.28848464626836,4.31380262885241,0.646346920223749,-0.021485755134111,0.418363135843988,0.450666909137228,5.85988720269431,-0.359203322733891,5.10462650340921,-2.48629785977749,0.306530266082023,4.29079268234147,-2.39789931208217,-0.531743014490011,-0.463200948870448,-12315.5932463676
0.570537840628301,-0.152063807966015,0.443180178543428,0.433089167925393,5.54536147379263,-0.389213608473028,5.14906481764034,-2.67152926062711,0.313610766849327,4.02606813961611,1.19287109215843,1.11559953013065,0.322997770456332,0.415467263749281,5.54454769857307,-0.446587944983309,5.55442447079262,0.564005797290386,-0.873315942143071,7.14623313104378,-33.1310065174319,-26.868581417951,-44.2421340684028,-11391.9725898295
0.437933336968217,-0.429208545293418,0.522676823561096,0.397178275004238,5.30109262183167,-0.687565447546026,4.98626928896727,-3.01248667343341,0.198644035047697,3.94571380378628,0.0934085365944359,-1.89724308588162,0.528658294087177,0.568366039510874,5.90808117038361,0.269036760625188,3.58794047987333,-6.62168974131975,1.80024108543849,-0.133340538517131,-8.36292143426617,-19.8005528451588,-30.8753626172495,-8912.47728082297
0.447144954862611,-0.39914552729424,0.555911305785023,0.395207069385144,5.3020912594398,-0.945505432228199,4.88936472767566,-3.00462226140186,-0.0021277588426428,3.79815946835646,0.0932369755839371,-1.89726934161372,0.528713197363076,0.568127519526177,5.90433880385221,0.269479378543476,3.58786824305484,-6.62402323360497,1.80040082177379,-0.128616926930354,-8.69889819178571,-19.8005528451588,-30.8753626172495,-8570.98514075928
0.467607278984527,-0.36308534578864,0.606424035417338,0.397672506746041,5.09365532569235,-1.81697075556409,4.33077546617987,-3.16472005018916,-0.512404791367665,3.58715656337555,0.093186008945678,-1.89727522200496,0.528731047287411,0.567942748336926,5.90236816031536,0.269624556544882,3.58778971042732,-6.62578799379231,1.8005212881668,-0.114431247988555,-10.1121035807313,-19.8005528451588,-30.8753626172495,-8176.81932166831
0.461586400627163,-0.37860293204758,0.611386678067735,0.395018483982295,5.07669552027899,-1.81741149982473,4.38360594802403,-3.15482418295631,-0.545017228198341,3.61444560932848,0.093177667298542,-1.89727184029574,0.528734028113386,0.567928896161817,5.90215827963797,0.269648267674427,3.58779013598843,-6.62589775130041,1.80052359579222,-0.114256833580003,-10.1397479231423,-19.8005631344567,-30.8753851654124,-8042.41110255791
0.498352502447938,0.0289899676269529,0.590655335714023,0.362545403626318,6.03247587059198,-4.57825855794687,4.00803890644987,-2.02497664596125,-1.10925828151596,4.12665672162416,0.0951400104621769,-1.8982816952148,0.528019214299603,0.571142021499987,5.95204562639136,0.263901533633581,3.58761431668001,-6.60045867086799,1.80003195068846,-0.141443146658423,-6.32816871437353,-19.7934261431092,-30.8635686163751,-7391.84526360811
0.452051162483001,0.0494966612260473,0.637178564988713,0.415220167502999,5.89658056850896,-3.87793095829319,3.05435762436121,-1.24533473460677,-3.73737770990139,1.95040765494054,0.0774225837779207,-1.90032935146781,0.52987948838407,0.560316729572139,5.95929929589319,0.2615141332043,3.58430285349925,-6.64318703846295,1.80617940358613,-0.2559699122632,-38.1343843583742,-19.7934261431092,-30.8635686163751,-6861.80639870594
0.436355338509959,0.0331474346640136,0.637541556279427,0.400621652611781,5.84502047302424,-3.92417412316665,3.09223584734655,-1.35533939553823,-3.66778676373095,1.64886027196125,0.0774225837779207,-1.90032935146781,0.52987948838407,0.560316729572139,5.95929929589319,0.2615141332043,3.58430285349925,-6.64318703846295,1.80617940358613,-0.2559699122632,-38.1343843583742,-19.7934261431092,-30.8635686163751,-6613.63215990379
0.412176288239261,0.0272283159885284,0.632737039361478,0.37456405743395,5.82253931849686,-4.10163557705675,3.26515894965488,-1.43089352448693,-3.7589921052411,0.837746824760705,0.0774225837779207,-1.90032935146781,0.52987948838407,0.560316729572139,5.95929929589319,0.2615141332043,3.58430285349925,-6.64318703846295,1.80617940358613,-0.2559699122632,-38.1343843583742,-19.7934261431092,-30.8635686163751,-6248.96925488068
0.389351041727234,0.0298594193893396,0.645640082760194,0.348234486496426,5.62735713207032,-3.69645428276488,3.09457277971354,-2.01775634925491,-3.0697207486376,0.130523989385008,0.0774225837779207,-1.90032935146781,0.52987948838407,0.560316729572139,5.95929929589319,0.2615141332043,3.58430285349925,-6.64318703846295,1.80617940358613,-0.2559699122632,-38.1343843583742,-19.7934261431092,-30.8635686163751,-5410.66679334705
0.288770959095171,-0.00936495766112062,0.66159974017072,0.335489837171139,5.23866192148158,-3.17757157336146,3.03421622228896,-2.12210635843031,-3.01889847393706,0.132334567733585,0.0774225837779207,-1.90032935146781,0.52987948838407,0.560316729572139,5.95929929589319,0.2615141332043,3.58430285349925,-6.64318703846295,1.80617940358613,-0.2559699122632,-38.1343843583742,-19.7934261431092,-30.8635686163751,-4876.4769696266
0.258645527092706,-0.0445626888289585,0.674310068851189,0.3252448888087,5.53873562031125,-3.26036236639959,3.0223428857927,-2.3492012715197,-3.02028744388792,0.136993779191883,0.0774225837779207,-1.90032935146781,0.52987948838407,0.560316729572139,5.95929929589319,0.2615141332043,3.58430285349925,-6.64318703846295,1.80617940358613,-0.2559699122632,-38.1343843583742,-19.7934261431092,-30.8635686163751,-4596.65963775637
0.334790777771569,-0.080391442932779,0.685482417795893,0.312000180092675,4.55955687059027,-2.73560861203689,3.16423867742361,-1.82833973324599,-3.16231740476816,0.131177250490216,0.0774225837779207,-1.90032935146781,0.52987948838407,0.560316729572139,5.95929929589319,0.2615141332043,3.58430285349925,-6.64318703846295,1.80617940358613,-0.2559699122632,-38.1343843583742,-19.7934261431092,-30.8635686163751,-4559.77558280969
0.344150037067578,-0.0953341454914584,0.690812389131596,0.308779600672026,4.76250155245222,-2.87653930494143,3.20337415077855,-1.90962309204585,-3.20939620206041,0.138065432810824,0.0774225837779207,-1.90032935146781,0.52987948838407,0.560316729572139,5.95929929589319,0.2615141332043,3.58430285349925,-6.64318703846295,1.80617940358613,-0.2559699122632,-38.1343843583742,-19.7934261431092,-30.8635686163751,-4346.53224979205
0.347121158459588,-0.0947226392647874,0.699587463714743,0.299322150120089,4.98224730480047,-2.98817067218115,3.42451145313065,-2.00656404793339,-3.43728382650991,0.130761841088222,0.0774225837779207,-1.90032935146781,0.52987948838407,0.560316729572139,5.95929929589319,0.2615141332043,3.58430285349925,-6.64318703846295,1.80617940358613,-0.2559699122632,-38.1343843583742,-19.7934261431092,-30.8635686163751,-4218.04486185747
0.326922973962659,-0.0730797503821669,0.701096984122781,0.299174251672166,5.26468002548884,-3.17813943866599,3.61060777838136,-2.10540519127466,-3.62177669660352,0.135761213260352,0.0774225837779207,-1.90032935146781,0.52987948838407,0.560316729572139,5.95929929589319,0.2615141332043,3.58430285349925,-6.64318703846295,1.80617940358613,-0.2559699122632,-38.1343843583742,-19.7934261431092,-30.8635686163751,-4122.66392849909
0.306910806104724,-0.0256603647545098,0.71162064123357,0.288399226303593,5.5723673404757,-3.44483750060786,3.95252451566727,-2.14216972192604,-3.96664058833117,0.132421290929362,0.0761145694598622,-1.90035111014273,0.532776970720674,0.554062905112463,5.95904761166968,0.261621975596568,3.58426734784575,-6.64341694850923,1.80625439101678,-0.256176991315396,-38.1338340048805,-19.7934262240255,-30.8635687512024,-3998.72976275555
0.255808678144015,0.0992480203647873,0.726188319878319,0.273392563854908,5.87992786932215,-3.93741253311519,4.44378147188072,-1.949442707267,-4.4598150919811,0.126734889886054,0.479441597505501,-1.89914544488357,-0.350821069018382,2.50467331990913,6.04081051228486,0.224195384601958,3.6015009389521,-6.56759176906198,1.77628430068876,-0.182968819631867,-37.8885254224476,-19.7934047575427,-30.8635356801137,-3895.79078520059
0.175981445421199,0.291287728041123,0.743565967128487,0.256223485965208,6.45387811420977,-4.98685565814307,5.24821187705418,-1.45945821967555,-5.25761383452621,0.120369056637037,1.87855162218194,-1.88340048790432,-3.43158394254856,9.21518610907912,6.31633443399453,0.102090393033405,3.65029059982442,-6.31374046072,1.68427933861215,0.0568720869159963,-37.5199790537012,-19.7933286303041,-30.8634132427908,-3852.79632533604
0.181845415380593,0.298354696549878,0.722171476888372,0.277321201991015,6.29244315505266,-5.21669322538196,4.77599054185175,-1.08302409209485,-4.78998186442076,0.116206756053815,1.87855162218194,-1.88340048790432,-3.43158394254856,9.21518610907912,6.31633443399453,0.102090393033405,3.65029059982442,-6.31374046072,1.68427933861215,0.0568720869159963,-37.5199790537012,-19.7933286303041,-30.8634132427908,-3838.33766308518
0.192885998386059,0.281878079644631,0.722277540719675,0.277728791065623,6.29639846548521,-5.21467578667805,4.77872504387412,-1.08189079612801,-4.77866674238223,0.119184516349428,1.87855162218194,-1.88340048790432,-3.43158394254856,9.21518610907912,6.31633443399453,0.102090393033405,3.65029059982442,-6.31374046072,1.68427933861215,0.0568720869159963,-37.5199790537012,-19.7933286303041,-30.8634132427908,-3838.28866391659
0.193008786061617,0.289948465911971,0.722201591556459,0.277363688964259,6.29637920753289,-5.21474981522632,4.77861939147801,-1.08229902503985,-4.77911287115968,0.11598421391197,1.87855162218194,-1.88340048790432,-3.43158394254856,9.21518610907912,6.31633443399453,0.102090393033405,3.65029059982442,-6.31374046072,1.68427933861215,0.0568720869159963,-37.5199790537012,-19.7933286303041,-30.8634132427908,-3830.44972643627
0.188211777989565,0.304667230080535,0.722298283246142,0.27751142885341,6.29754389523609,-5.21566545746749,4.77773703334491,-1.08873503930106,-4.78295037527915,0.115480307760611,1.87855162218194,-1.88340048790432,-3.43158394254856,9.21518610907912,6.31633443399453,0.102090393033405,3.65029059982442,-6.31374046072,1.68427933861215,0.0568720869159963,-37.5199790537012,-19.7933286303041,-30.8634132427908,-3828.50993041877
0.188270074896139,0.306119538058342,0.722267363274207,0.277359385324731,6.2982842494648,-5.21483358811146,4.77773578790994,-1.0848305118447,-4.78296054143803,0.11401131765251,1.87855162218194,-1.88340048790432,-3.43158394254856,9.21518610907912,6.31633443399453,0.102090393033405,3.65029059982442,-6.31374046072,1.68427933861215,0.0568720869159963,-37.5199790537012,-19.7933286303041,-30.8634132427908,-3825.4687048755
0.185474385710374,0.311577321626538,0.72237975937891,0.277393504549952,6.30214641486637,-5.21509445148293,4.77786965890533,-1.09058802126419,-4.7827836318243,0.113767990456336,1.87855162218194,-1.88340048790432,-3.43158394254856,9.21518610907912,6.31633443399453,0.102090393033405,3.65029059982442,-6.31374046072,1.68427933861215,0.0568720869159963,-37.5199790537012,-19.7933286303041,-30.8634132427908,-3824.14835864773
0.186107932848358,0.312271876876404,0.722344057751542,0.277188221054685,6.30274352718872,-5.21469368172694,4.77779171848376,-1.08873318516228,-4.78313940052214,0.111948658280471,1.87855162218194,-1.88340048790432,-3.43158394254856,9.21518610907912,6.31633443399453,0.102090393033405,3.65029059982442,-6.31374046072,1.68427933861215,0.0568720869159963,-37.5199790537012,-19.7933286303041,-30.8634132427908,-3823.32079213122
0.185944766852348,0.312315335663262,0.722380671704055,0.277355543994185,6.30246373257815,-5.21508368754177,4.77780678382868,-1.09064559163078,-4.78308107663142,0.112057739445714,1.87855162218194,-1.88340048790432,-3.43158394254856,9.21518610907912,6.31633443399453,0.102090393033405,3.65029059982442,-6.31374046072,1.68427933861215,0.0568720869159963,-37.5199790537012,-19.7933286303041,-30.8634132427908,-3821.01416533903
0.186091673373443,0.312109251387767,0.722442907693258,0.277135554137376,6.30605742083785,-5.21522733425601,4.77778438191489,-1.09194267371027,-4.7836147538788,0.110686891924327,1.87855162218194,-1.88340048790432,-3.43158394254856,9.21518610907912,6.31633443399453,0.102090393033405,3.65029059982442,-6.31374046072,1.68427933861215,0.0568720869159963,-37.5199790537012,-19.7933286303041,-30.8634132427908,-3820.21626883113
0.185535680605286,0.312279216567847,0.722489220579336,0.27733458199792,6.30593693715852,-5.21558216932367,4.77787443735525,-1.09389875174779,-4.78325590937124,0.111084445603448,1.87855162218194,-1.88340048790432,-3.43158394254856,9.21518610907912,6.31633443399453,0.102090393033405,3.65029059982442,-6.31374046072,1.68427933861215,0.0568720869159963,-37.5199790537012,-19.7933286303041,-30.8634132427908,-3819.37716555787
0.185627092002365,0.312693447449787,0.722460236201416,0.277191398284382,6.30629184419792,-5.21521521291562,4.77787144786438,-1.09217293818828,-4.78327369837471,0.109818361486974,1.87855162218194,-1.88340048790432,-3.43158394254856,9.21518610907912,6.31633443399453,0.102090393033405,3.65029059982442,-6.31374046072,1.68427933861215,0.0568720869159963,-37.5199790537012,-19.7933286303041,-30.8634132427908,-3817.5576717094
0.184770903004775,0.313656044059375,0.722546039402398,0.277242116080658,6.30906622581705,-5.21542361805029,4.77815279287234,-1.09621976217314,-4.78237964093586,0.109867597586838,1.87855162218194,-1.88340048790432,-3.43158394254856,9.21518610907912,6.31633443399453,0.102090393033405,3.65029059982442,-6.31374046072,1.68427933861215,0.0568720869159963,-37.5199790537012,-19.7933286303041,-30.8634132427908,-3816.88811495982
0.185357349633718,0.313728507369504,0.722514505313618,0.27705956486651,6.30951285456681,-5.21517870498271,4.77805370487472,-1.09506225279423,-4.78282127602298,0.108392879650655,1.87855162218194,-1.88340048790432,-3.43158394254856,9.21518610907912,6.31633443399453,0.102090393033405,3.65029059982442,-6.31374046072,1.68427933861215,0.0568720869159963,-37.5199790537012,-19.7933286303041,-30.8634132427908,-3816.40904497767
0.18525832786919,0.313476097044315,0.722545035873275,0.277198382736718,6.30930069204846,-5.21548331829098,4.77806678311778,-1.09655354738556,-4.78277105357579,0.108552932881298,1.87855162218194,-1.88340048790432,-3.43158394254856,9.21518610907912,6.31633443399453,0.102090393033405,3.65029059982442,-6.31374046072,1.68427933861215,0.0568720869159963,-37.5199790537012,-19.7933286303041,-30.8634132427908,-3814.83928988409
0.185735685958012,0.312539166430857,0.722599351511789,0.277024781978495,6.31226407741508,-5.21563750471568,4.77803393441098,-1.09779602897021,-4.78328148195793,0.10755224480531,1.87855162218194,-1.88340048790432,-3.43158394254856,9.21518610907912,6.31633443399453,0.102090393033405,3.65029059982442,-6.31374046072,1.68427933861215,0.0568720869159963,-37.5199790537012,-19.7933286303041,-30.8634132427908,-3814.30420809578
0.185050949210054,0.312809554943097,0.722642653914552,0.277183654235419,6.31245067402398,-5.21587829810896,4.77819132998592,-1.09943540130072,-4.78266269890202,0.107960374687918,1.87855162218194,-1.88340048790432,-3.43158394254856,9.21518610907912,6.31633443399453,0.102090393033405,3.65029059982442,-6.31374046072,1.68427933861215,0.0568720869159963,-37.5199790537012,-19.7933286303041,-30.8634132427908,-3814.01212224175
0.185181553195418,0.313286870949399,0.722616697075897,0.277055128773363,6.31272888873606,-5.21559840225878,4.7781805566981,-1.09811653392764,-4.78271263330068,0.106923706829559,1.87855162218194,-1.88340048790432,-3.43158394254856,9.21518610907912,6.31633443399453,0.102090393033405,3.65029059982442,-6.31374046072,1.68427933861215,0.0568720869159963,-37.5199790537012,-19.7933286303041,-30.8634132427908,-3812.68236009459
0.184736515947106,0.313683879571019,0.722704666762927,0.277075311805466,6.31555841032638,-5.21589433338615,4.77834177689407,-1.10200104713042,-4.78235564859487,0.106945984390393,1.87855162218194,-1.88340048790432,-3.43158394254856,9.21518610907912,6.31633443399453,0.102090393033405,3.65029059982442,-6.31374046072,1.68427933861215,0.0568720869159963,-37.5199790537012,-19.7933286303041,-30.8634132427908,-3812.22206118858
0.185441620920362,0.313195600076664,0.722685473817519,0.276922862107364,6.31612682815832,-5.21573278829922,4.77821612630908,-1.10121380932326,-4.78293361968508,0.105804852695883,1.87855162218194,-1.88340048790432,-3.43158394254856,9.21518610907912,6.31633443399453,0.102090393033405,3.65029059982442,-6.31374046072,1.68427933861215,0.0568720869159963,-37.5199790537012,-19.7933286303041,-30.8634132427908,-3812.01007249174
0.185285684134722,0.312882879572371,0.7227152522559,0.277055769613629,6.31595971405996,-5.21600479481395,4.77823973907077,-1.10256484513574,-4.78284157253643,0.106037052856763,1.87855162218194,-1.88340048790432,-3.43158394254856,9.21518610907912,6.31633443399453,0.102090393033405,3.65029059982442,-6.31374046072,1.68427933861215,0.0568720869159963,-37.5199790537012,-19.7933286303041,-30.8634132427908,-3811.01791996459
0.185790567884378,0.312165439896591,0.722688613666521,0.276949371139253,6.31710719274827,-5.21582547223603,4.77821806612418,-1.10204149334663,-4.78305781394148,0.105166699819235,1.87855162218194,-1.88340048790432,-3.43158394254856,9.21518610907912,6.31633443399453,0.102090393033405,3.65029059982442,-6.31374046072,1.68427933861215,0.0568720869159963,-37.5199790537012,-19.7933286303041,-30.8634132427908,-3810.72932802195
0.185262782962764,0.312486449221873,0.722746699754257,0.277044046664137,6.31674026679446,-5.21648504472866,4.77830286343828,-1.10275640809954,-4.7827326688092,0.105383461959434,1.87855162218194,-1.88340048790432,-3.43158394254856,9.21518610907912,6.31633443399453,0.102090393033405,3.65029059982442,-6.31374046072,1.68427933861215,0.0568720869159963,-37.5199790537012,-19.7933286303041,-30.8634132427908,-3810.13306066853
0.185637105159975,0.312087766146381,0.722696100003108,0.276985497431927,6.31768995804932,-5.21602184429802,4.77833345011602,-1.10230329786348,-4.782744844191,0.104739276672549,1.87855162218194,-1.88340048790432,-3.43158394254856,9.21518610907912,6.31633443399453,0.102090393033405,3.65029059982442,-6.31374046072,1.68427933861215,0.0568720869159963,-37.5199790537012,-19.7933286303041,-30.8634132427908,-3809.61851963367
0.184728686970381,0.313332386807987,0.722849268391737,0.276943792637027,6.32009450804058,-5.21762491679624,4.77910280563718,-1.10451725246239,-4.78272926166463,0.104880905371338,1.87855162218194,-1.88340048790432,-3.43158394254856,9.21518610907912,6.31633443399453,0.102090393033405,3.65029059982442,-6.31374046072,1.68427933861215,0.0568720869159963,-37.5199790537012,-19.7933286303041,-30.8634132427908,-3809.35859552484
0.185550976875841,0.312733216055819,0.722780937600075,0.27685228945687,6.32123098300038,-5.21770924100506,4.77906198113226,-1.10458773865781,-4.78453491002616,0.10384463494223,1.87855162218194,-1.88340048790432,-3.43158394254856,9.21518610907912,6.31633443399453,0.102090393033405,3.65029059982442,-6.31374046072,1.68427933861215,0.0568720869159963,-37.5199790537012,-19.7933286303041,-30.8634132427908,-3809.26762760508
0.185191809184312,0.312434543180446,0.722858518439577,0.276923548440226,6.32105522614747,-5.21802755864021,4.78013578765449,-1.10493468488167,-4.78364588581002,0.104166933736356,1.87855162218194,-1.88340048790432,-3.43158394254856,9.21518610907912,6.31633443399453,0.102090393033405,3.65029059982442,-6.31374046072,1.68427933861215,0.0568720869159963,-37.5199790537012,-19.7933286303041,-30.8634132427908,-3808.43635128963
0.185443405036544,0.312380044411153,0.722813601942122,0.276867418757362,6.32169276260559,-5.21792884870814,4.77984902561518,-1.10484759469158,-4.78449384979209,0.10347856764126,1.87855162218194,-1.88340048790432,-3.43158394254856,9.21518610907912,6.31633443399453,0.102090393033405,3.65029059982442,-6.31374046072,1.68427933861215,0.0568720869159963,-37.5199790537012,-19.7933286303041,-30.8634132427908,-3808.11587952258
0.184927892773176,0.312507377930555,0.722945975957297,0.276861638863362,6.32364054577396,-5.21891581160108,4.78262036381382,-1.10635167385467,-4.78551797450108,0.103826901047606,1.87855162218194,-1.88340048790432,-3.43158394254856,9.21518610907912,6.31633443399453,0.102090393033405,3.65029059982442,-6.31374046072,1.68427933861215,0.0568720869159963,-37.5199790537012,-19.7933286303041,-30.8634132427908,-3808.0492391047
0.185382019198016,0.312578487424617,0.722879495398555,0.276785343951856,6.32413125647687,-5.21892161320682,4.78180110033358,-1.10635368690573,-4.78693253374911,0.102919131080423,1.87855162218194,-1.88340048790432,-3.43158394254856,9.21518610907912,6.31633443399453,0.102090393033405,3.65029059982442,-6.31374046072,1.68427933861215,0.0568720869159963,-37.5199790537012,-19.7933286303041,-30.8634132427908,-3807.71849697447
0.185330523402138,0.312231862878017,0.723028665682158,0.276693953134999,6.3273940614337,-5.22052402102215,4.78575843537079,-1.10827695223007,-4.79028041955775,0.103076232873432,1.87855162218194,-1.88340048790432,-3.43158394254856,9.21518610907912,6.31633443399453,0.102090393033405,3.65029059982442,-6.31374046072,1.68427933861215,0.0568720869159963,-37.5199790537012,-19.7933286303041,-30.8634132427908,-3807.24896212664
0.185348973054903,0.31179202022755,0.723140693275574,0.276610372302182,6.33305327498294,-5.22310086932691,4.79014890791255,-1.11130837412962,-4.79400927950128,0.102963395202619,1.87855162218194,-1.88340048790432,-3.43158394254856,9.21518610907912,6.31633443399453,0.102090393033405,3.65029059982442,-6.31374046072,1.68427933861215,0.0568720869159963,-37.5199790537012,-19.7933286303041,-30.8634132427908,-3806.90391567431
0.185259864134109,0.31077416242287,0.723660153382675,0.276175199562985,6.34766748480887,-5.22962473560324,4.80519475303032,-1.11938653302319,-4.80719551998747,0.102477677929606,1.87855162218194,-1.88340048790432,-3.43158394254856,9.21518610907912,6.31633443399453,0.102090393033405,3.65029059982442,-6.31374046072,1.68427933861215,0.0568720869159963,-37.5199790537012,-19.7933286303041,-30.8634132427908,-3806.45580260286
0.185329126627588,0.310985529736029,0.723643229612622,0.27615707593485,6.34750766951554,-5.22981460944491,4.80463775142882,-1.11957795203423,-4.80780253406677,0.102539099613313,1.87855162218194,-1.88340048790432,-3.43158394254856,9.21518610907912,6.31633443399453,0.102090393033405,3.65029059982442,-6.31374046072,1.68427933861215,0.0568720869159963,-37.5199790537012,-19.7933286303041,-30.8634132427908,-3806.30091363662
0.18552123082693,0.310696050601965,0.72363686503317,0.276139332247151,6.34801517810867,-5.22965741167777,4.80504397793351,-1.11943386892594,-4.80787598015338,0.102395185070912,1.87855162218194,-1.88340048790432,-3.43158394254856,9.21518610907912,6.31633443399453,0.102090393033405,3.65029059982442,-6.31374046072,1.68427933861215,0.0568720869159963,-37.5199790537012,-19.7933286303041,-30.8634132427908,-3806.05896035121
0.18554208706762,0.311087784127028,0.723610512679135,0.276104757062851,6.3480515049348,-5.22976114830324,4.80445867356738,-1.11953120861051,-4.80868327525609,0.101923420682982,1.87855162218194,-1.88340048790432,-3.43158394254856,9.21518610907912,6.31633443399453,0.102090393033405,3.65029059982442,-6.31374046072,1.68427933861215,0.0568720869159963,-37.5199790537012,-19.7933286303041,-30.8634132427908,-3805.80499488566
0.185325434573173,0.311240328471562,0.723666843944905,0.276100569752032,6.34978139557755,-5.23061818658578,4.80643707810203,-1.12053134032639,-4.80981533496931,0.101976282072995,1.87855162218194,-1.88340048790432,-3.43158394254856,9.21518610907912,6.31633443399453,0.102090393033405,3.65029059982442,-6.31374046072,1.68427933861215,0.0568720869159963,-37.5199790537012,-19.7933286303041,-30.8634132427908,-3805.63352780902
0.185478333900186,0.311449966914607,0.72364063926576,0.276063036171927,6.35013560032504,-5.23076874952843,4.80622107246273,-1.12064995363843,-4.81070738430264,0.10146530017846,1.87855162218194,-1.88340048790432,-3.43158394254856,9.21518610907912,6.31633443399453,0.102090393033405,3.65029059982442,-6.31374046072,1.68427933861215,0.0568720869159963,-37.5199790537012,-19.7933286303041,-30.8634132427908,-3805.46709935073
0.185237101035401,0.311200027040022,0.723734405948971,0.276057799838815,6.35141976072149,-5.23131853887073,4.80806943867534,-1.12137523092163,-4.81094304184816,0.101734599776312,1.87855162218194,-1.88340048790432,-3.43158394254856,9.21518610907912,6.31633443399453,0.102090393033405,3.65029059982442,-6.31374046072,1.68427933861215,0.0568720869159963,-37.5199790537012,-19.7933286303041,-30.8634132427908,-3805.41306553473
0.185471715765463,0.311481330339273,0.723689428371269,0.276005201121876,6.35164502545467,-5.23142038920754,4.80734909377379,-1.1214446721034,-4.81202167657724,0.101081919789301,1.87855162218194,-1.88340048790432,-3.43158394254856,9.21518610907912,6.31633443399453,0.102090393033405,3.65029059982442,-6.31374046072,1.68427933861215,0.0568720869159963,-37.5199790537012,-19.7933286303041,-30.8634132427908,-3805.20388543767
0.185420592697485,0.311300778589151,0.723800490910171,0.275930172260694,6.35378602841459,-5.23255987068719,4.80985707960558,-1.12252780547375,-4.81400874016811,0.10115846297903,1.87855162218194,-1.88340048790432,-3.43158394254856,9.21518610907912,6.31633443399453,0.102090393033405,3.65029059982442,-6.31374046072,1.68427933861215,0.0568720869159963,-37.5199790537012,-19.7933286303041,-30.8634132427908,-3804.94772540196
0.185412261113766,0.311054152712575,0.723892127562804,0.275861680724074,6.35751074632301,-5.23437436030949,4.81270946794131,-1.12433271260142,-4.81622893411695,0.101114221818046,1.87855162218194,-1.88340048790432,-3.43158394254856,9.21518610907912,6.31633443399453,0.102090393033405,3.65029059982442,-6.31374046072,1.68427933861215,0.0568720869159963,-37.5199790537012,-19.7933286303041,-30.8634132427908,-3804.76622702366
0.185273318862428,0.310971777811986,0.724154051460121,0.2756364414107,6.36298600758156,-5.23722950690546,4.81871313900248,-1.12701906947769,-4.82150166735819,0.100892461535181,1.87855162218194,-1.88340048790432,-3.43158394254856,9.21518610907912,6.31633443399453,0.102090393033405,3.65029059982442,-6.31374046072,1.68427933861215,0.0568720869159963,-37.5199790537012,-19.7933286303041,-30.8634132427908,-3804.51937368677
0.185176448144242,0.311056618170562,0.724162936647648,0.275640062517004,6.36299950598137,-5.23730615364245,4.81886314130026,-1.12709626158802,-4.82147688422547,0.100811526845212,1.87855162218194,-1.88340048790432,-3.43158394254856,9.21518610907912,6.31633443399453,0.102090393033405,3.65029059982442,-6.31374046072,1.68427933861215,0.0568720869159963,-37.5199790537012,-19.7933286303041,-30.8634132427908,-3804.50551840294
0.18600670918198,0.308634749759226,0.726562928060928,0.2732428541987,6.40906892986826,-5.26392669576058,4.86700652566135,-1.14668463588389,-4.86969242482511,0.100635204353902,1.87855162218194,-1.88340048790432,-3.43158394254856,9.21518610907912,6.31633443399453,0.102090393033405,3.65029059982442,-6.31374046072,1.68427933861215,0.0568720869159963,-37.5199790537012,-19.7933286303041,-30.8634132427908,-3803.97339369999
0.184434015060934,0.31016689053567,0.728298605748829,0.271503964860712,6.43072125561753,-5.2890261280361,4.87914002899099,-1.14326871048782,-4.8817728415755,0.100550991689225,1.87855162218194,-1.88340048790432,-3.43158394254856,9.21518610907912,6.31633443399453,0.102090393033405,3.65029059982442,-6.31374046072,1.68427933861215,0.0568720869159963,-37.5199790537012,-19.7933286303041,-30.8634132427908,-3803.86176214943
0.184812064772103,0.309726005149808,0.728559949501095,0.271239840623798,6.42924730100227,-5.2879058697768,4.87514808981591,-1.14292314461072,-4.8778047705437,0.100550533371021,1.87855162218194,-1.88340048790432,-3.43158394254856,9.21518610907912,6.31633443399453,0.102090393033405,3.65029059982442,-6.31374046072,1.68427933861215,0.0568720869159963,-37.5199790537012,-19.7933286303041,-30.8634132427908,-3803.84830284322
0.185383555769017,0.309121316426993,0.728523485557451,0.271203253076758,6.42944493285124,-5.28766937783165,4.87452793397267,-1.14266447791083,-4.87832932742346,0.100189461379681,1.87855162218194,-1.88340048790432,-3.43158394254856,9.21518610907912,6.31633443399453,0.102090393033405,3.65029059982442,-6.31374046072,1.68427933861215,0.0568720869159963,-37.5199790537012,-19.7933286303041,-30.8634132427908,-3803.55983198928
0.184830005604792,0.309970735604427,0.728486961502699,0.271271343096642,6.42634833148085,-5.28686584968213,4.86804494200981,-1.14088249268062,-4.87168847248952,0.100155453645907,1.87855162218194,-1.88340048790432,-3.43158394254856,9.21518610907912,6.31633443399453,0.102090393033405,3.65029059982442,-6.31374046072,1.68427933861215,0.0568720869159963,-37.5199790537012,-19.7933286303041,-30.8634132427908,-3803.44958412905
0.185237740669692,0.309683007285582,0.728336587734529,0.271370597057828,6.4206153527865,-5.28645852715794,4.86547654372422,-1.13530315025072,-4.8697340412797,0.0997717643920199,1.87855162218194,-1.88340048790432,-3.43158394254856,9.21518610907912,6.31633443399453,0.102090393033405,3.65029059982442,-6.31374046072,1.68427933861215,0.0568720869159963,-37.5199790537012,-19.7933286303041,-30.8634132427908,-3803.38524375155
0.184996850831864,0.309521807455735,0.728372741114863,0.271411299628828,6.42057493475886,-5.28647606551354,4.86599493550732,-1.13535655712514,-4.86900651770019,0.100000109653812,1.87855162218194,-1.88340048790432,-3.43158394254856,9.21518610907912,6.31633443399453,0.102090393033405,3.65029059982442,-6.31374046072,1.68427933861215,0.0568720869159963,-37.5199790537012,-19.7933286303041,-30.8634132427908,-3803.33602888397
0.185164047889866,0.309637301780622,0.728343113041733,0.271381842380339,6.42062606091399,-5.28641335982711,4.86549420739739,-1.13528568665815,-4.86950393333298,0.0996245782107166,1.87855162218194,-1.88340048790432,-3.43158394254856,9.21518610907912,6.31633443399453,0.102090393033405,3.65029059982442,-6.31374046072,1.68427933861215,0.0568720869159963,-37.5199790537012,-19.7933286303041,-30.8634132427908,-3803.15929981572
0.18498490809781,0.309664701468722,0.728318844827784,0.271451273307896,6.4202994299244,-5.28593201512935,4.86402827357106,-1.13555970326683,-4.86727839038819,0.099713729726958,1.87855162218194,-1.88340048790432,-3.43158394254856,9.21518610907912,6.31633443399453,0.102090393033405,3.65029059982442,-6.31374046072,1.68427933861215,0.0568720869159963,-37.5199790537012,-19.7933286303041,-30.8634132427908,-3803.10423958333
0.185102659060709,0.309709195905742,0.728301317988233,0.271433956079879,6.42034107985457,-5.28588171682198,4.86376109340394,-1.13550591060816,-4.8675402216426,0.0994634195091329,1.87855162218194,-1.88340048790432,-3.43158394254856,9.21518610907912,6.31633443399453,0.102090393033405,3.65029059982442,-6.31374046072,1.68427933861215,0.0568720869159963,-37.5199790537012,-19.7933286303041,-30.8634132427908,-3802.99237525326
0.185009558049174,0.30979592478286,0.728276844557863,0.271477301213753,6.41991002158032,-5.28559290512925,4.86276109777503,-1.13553279644583,-4.8663135085941,0.099418086590266,1.87855162218194,-1.88340048790432,-3.43158394254856,9.21518610907912,6.31633443399453,0.102090393033405,3.65029059982442,-6.31374046072,1.68427933861215,0.0568720869159963,-37.5199790537012,-19.7933286303041,-30.8634132427908,-3802.9113346045
0.185140743393972,0.309815014608144,0.728180065032906,0.271543344740236,6.41764939406558,-5.28527799528359,4.8618380317202,-1.13353393481281,-4.86585831094776,0.0991422326975493,1.87855162218194,-1.88340048790432,-3.43158394254856,9.21518610907912,6.31633443399453,0.102090393033405,3.65029059982442,-6.31374046072,1.68427933861215,0.0568720869159963,-37.5199790537012,-19.7933286303041,-30.8634132427908,-3802.84817032625
0.184997400624756,0.309613684353303,0.72811015236438,0.271668758758459,6.41795326879717,-5.28432506079695,4.85885303253322,-1.13474595227665,-4.86184924025508,0.0993094184046627,1.87855162218194,-1.88340048790432,-3.43158394254856,9.21518610907912,6.31633443399453,0.102090393033405,3.65029059982442,-6.31374046072,1.68427933861215,0.0568720869159963,-37.5199790537012,-19.7933286303041,-30.8634132427908,-3802.83519379702
0.185198584372167,0.309813212344334,0.728076093502393,0.271634500216224,6.41792066138433,-5.28434837213036,4.8582232181664,-1.13474002945538,-4.86254460057463,0.0988576116193904,1.87855162218194,-1.88340048790432,-3.43158394254856,9.21518610907912,6.31633443399453,0.102090393033405,3.65029059982442,-6.31374046072,1.68427933861215,0.0568720869159963,-37.5199790537012,-19.7933286303041,-30.8634132427908,-3802.77118192505
0.185148764948041,0.309694220985924,0.728013620299618,0.271726059728901,6.41704723408513,-5.28353880547157,4.85815122416003,-1.13464846614351,-4.86194870825788,0.0989496394241495,1.87855162218194,-1.88340048790432,-3.43158394254856,9.21518610907912,6.31633443399453,0.102090393033405,3.65029059982442,-6.31374046072,1.68427933861215,0.0568720869159963,-37.5199790537012,-19.7933286303041,-30.8634132427908,-3802.64893532645
0.18512782459598,0.309631614366405,0.727986097744787,0.27176816760345,6.4165448665769,-5.2826565827824,4.85825164712304,-1.1349950175521,-4.86173139181741,0.0988935225372774,1.87855162218194,-1.88340048790432,-3.43158394254856,9.21518610907912,6.31633443399453,0.102090393033405,3.65029059982442,-6.31374046072,1.68427933861215,0.0568720869159963,-37.5199790537012,-19.7933286303041,-30.8634132427908,-3802.57094501293
0.185057433899105,0.309533315829295,0.727885828596182,0.271904766879621,6.41491738673765,-5.27986597101931,4.85832136506915,-1.13609381142709,-4.86102095927706,0.0986683007998034,1.87855162218194,-1.88340048790432,-3.43158394254856,9.21518610907912,6.31633443399453,0.102090393033405,3.65029059982442,-6.31374046072,1.68427933861215,0.0568720869159963,-37.5199790537012,-19.7933286303041,-30.8634132427908,-3802.4756488172
0.185017020440179,0.309648980808372,0.727882782107408,0.271901745573157,6.41484968699044,-5.27993169683123,4.85821082868164,-1.13616202675948,-4.86112937341342,0.0986839270883063,1.87855162218194,-1.88340048790432,-3.43158394254856,9.21518610907912,6.31633443399453,0.102090393033405,3.65029059982442,-6.31374046072,1.68427933861215,0.0568720869159963,-37.5199790537012,-19.7933286303041,-30.8634132427908,-3802.46707314924
0.184908228247922,0.309848752415134,0.727882832628389,0.27190201700791,6.41478311144096,-5.27997407393866,4.85817194261488,-1.13623129034007,-4.86114838471366,0.0986529945887245,1.87855162218194,-1.88340048790432,-3.43158394254856,9.21518610907912,6.31633443399453,0.102090393033405,3.65029059982442,-6.31374046072,1.68427933861215,0.0568720869159963,-37.5199790537012,-19.7933286303041,-30.8634132427908,-3802.45635322733
0.185096271387201,0.309712521312732,0.727870161045863,0.271889333558453,6.41496780541661,-5.27978959272435,4.85807104201725,-1.13604617596105,-4.86125501279239,0.0985587998160775,1.87855162218194,-1.88340048790432,-3.43158394254856,9.21518610907912,6.31633443399453,0.102090393033405,3.65029059982442,-6.31374046072,1.68427933861215,0.0568720869159963,-37.5199790537012,-19.7933286303041,-30.8634132427908,-3802.36494902628
0.185091620925139,0.309896407872551,0.727861086130936,0.271879773440057,6.41489136988508,-5.2798684126827,4.85779801703621,-1.13612160868434,-4.86154845998625,0.09836884418732,1.87855162218194,-1.88340048790432,-3.43158394254856,9.21518610907912,6.31633443399453,0.102090393033405,3.65029059982442,-6.31374046072,1.68427933861215,0.0568720869159963,-37.5199790537012,-19.7933286303041,-30.8634132427908,-3802.31180478491
0.185089788213774,0.309924277929526,0.727888320440767,0.271849827537195,6.41529352333754,-5.2803651252352,4.85806464335949,-1.13616645327795,-4.86194954997387,0.0982388198028899,1.87855162218194,-1.88340048790432,-3.43158394254856,9.21518610907912,6.31633443399453,0.102090393033405,3.65029059982442,-6.31374046072,1.68427933861215,0.0568720869159963,-37.5199790537012,-19.7933286303041,-30.8634132427908,-3802.26246770091
0.185020845535981,0.310399065801158,0.72787815513649,0.271836057046758,6.41486965145904,-5.28094145115243,4.85742068512707,-1.13668349201606,-4.86266888235431,0.0969012966363835,1.87855162218194,-1.88340048790432,-3.43158394254856,9.21518610907912,6.31633443399453,0.102090393033405,3.65029059982442,-6.31374046072,1.68427933861215,0.0568720869159963,-37.5199790537012,-19.7933286303041,-30.8634132427908,-3802.09752179561
0.185157273596244,0.310264036330927,0.727879220233921,0.271837102042369,6.41501694716536,-5.28079488685446,4.85753146672158,-1.13653637275986,-4.86255909153848,0.0971339185078659,1.87855162218194,-1.88340048790432,-3.43158394254856,9.21518610907912,6.31633443399453,0.102090393033405,3.65029059982442,-6.31374046072,1.68427933861215,0.0568720869159963,-37.5199790537012,-19.7933286303041,-30.8634132427908,-3802.0726775335
0.185063595958697,0.310335377101344,0.7278915997956,0.271831122360323,6.41529372442465,-5.28098209838153,4.85779220066002,-1.13661949775328,-4.86267185586525,0.0972059670346615,1.87855162218194,-1.88340048790432,-3.43158394254856,9.21518610907912,6.31633443399453,0.102090393033405,3.65029059982442,-6.31374046072,1.68427933861215,0.0568720869159963,-37.5199790537012,-19.7933286303041,-30.8634132427908,-3802.0408450607
0.185356991281386,0.30885839668492,0.7279122921988,0.271851841113356,6.41577311648649,-5.28050414463825,4.85872639838073,-1.1361430735585,-4.86172779920533,0.0974564598783722,1.87855162218194,-1.88340048790432,-3.43158394254856,9.21518610907912,6.31633443399453,0.102090393033405,3.65029059982442,-6.31374046072,1.68427933861215,0.0568720869159963,-37.5199790537012,-19.7933286303041,-30.8634132427908,-3801.82903009566
0.185331203313895,0.309064073692301,0.727957468968313,0.27179476579495,6.41622589930167,-5.28100293457972,4.85880035577181,-1.13613470267586,-4.86208366618057,0.0973455886812978,1.87855162218194,-1.88340048790432,-3.43158394254856,9.21518610907912,6.31633443399453,0.102090393033405,3.65029059982442,-6.31374046072,1.68427933861215,0.0568720869159963,-37.5199790537012,-19.7933286303041,-30.8634132427908,-3801.79420797619
0.185091522319186,0.309660951485561,0.727993347621689,0.271757262120061,6.41595277931655,-5.28151200770053,4.85890376147378,-1.13554930235714,-4.86245524498981,0.0972498233443932,1.87855162218194,-1.88340048790432,-3.43158394254856,9.21518610907912,6.31633443399453,0.102090393033405,3.65029059982442,-6.31374046072,1.68427933861215,0.0568720869159963,-37.5199790537012,-19.7933286303041,-30.8634132427908,-3801.76811833437
0.184669746011933,0.31088600793523,0.728067313887371,0.27167299387129,6.4159822674697,-5.28265812068365,4.85861465655457,-1.1347385705867,-4.86278588718633,0.0969295074252759,1.87855162218194,-1.88340048790432,-3.43158394254856,9.21518610907912,6.31633443399453,0.102090393033405,3.65029059982442,-6.31374046072,1.68427933861215,0.0568720869159963,-37.5199790537012,-19.7933286303041,-30.8634132427908,-3801.72318218457
0.184366898138454,0.311773302852171,0.728133254387398,0.27160086517158,6.41595358643532,-5.28343372506495,4.85843503523519,-1.13413468777352,-4.8629893423553,0.096696811352997,1.87855162218194,-1.88340048790432,-3.43158394254856,9.21518610907912,6.31633443399453,0.102090393033405,3.65029059982442,-6.31374046072,1.68427933861215,0.0568720869159963,-37.5199790537012,-19.7933286303041,-30.8634132427908,-3801.71839255775
0.184579339170075,0.311213479951332,0.72809498090529,0.271644185150225,6.41594054395923,-5.2828546915385,4.85838070263093,-1.13454904859706,-4.86260891282714,0.0968729130095204,1.87855162218194,-1.88340048790432,-3.43158394254856,9.21518610907912,6.31633443399453,0.102090393033405,3.65029059982442,-6.31374046072,1.68427933861215,0.0568720869159963,-37.5199790537012,-19.7933286303041,-30.8634132427908,-3801.71537204356
0.184504565239195,0.31143161376579,0.728107302060496,0.271630867226079,6.41594939020985,-5.28313470147476,4.85821358814535,-1.13431152047212,-4.86249869623004,0.0968206118441216,1.87855162218194,-1.88340048790432,-3.43158394254856,9.21518610907912,6.31633443399453,0.102090393033405,3.65029059982442,-6.31374046072,1.68427933861215,0.0568720869159963,-37.5199790537012,-19.7933286303041,-30.8634132427908,-3801.70860444862
0.183819654489937,0.31349090584426,0.728144486485578,0.271584527417706,6.41561138838341,-5.2844816595978,4.85694039554768,-1.13294318378291,-4.86175412695344,0.0963178619173759,1.87855162218194,-1.88340048790432,-3.43158394254856,9.21518610907912,6.31633443399453,0.102090393033405,3.65029059982442,-6.31374046072,1.68427933861215,0.0568720869159963,-37.5199790537012,-19.7933286303041,-30.8634132427908,-3801.68460701491
0.184005725461534,0.312946148940785,0.728145501693758,0.271585534404849,6.41565123659859,-5.28444220239724,4.85701711728772,-1.13290343240647,-4.86167745645306,0.0964433556938265,1.87855162218194,-1.88340048790432,-3.43158394254856,9.21518610907912,6.31633443399453,0.102090393033405,3.65029059982442,-6.31374046072,1.68427933861215,0.0568720869159963,-37.5199790537012,-19.7933286303041,-30.8634132427908,-3801.67882889627
0.184030546788622,0.31284066379034,0.728152224939566,0.271580486964337,6.41574787816932,-5.28458558713457,4.85701862003702,-1.13283683917278,-4.86161802356119,0.096476461453772,1.87855162218194,-1.88340048790432,-3.43158394254856,9.21518610907912,6.31633443399453,0.102090393033405,3.65029059982442,-6.31374046072,1.68427933861215,0.0568720869159963,-37.5199790537012,-19.7933286303041,-30.8634132427908,-3801.67211959874
0.184889062033684,0.310260288794827,0.72817028873747,0.271598746976551,6.41607227782738,-5.28426326217214,4.85777689999687,-1.13252420538897,-4.8608509255557,0.0966904937247619,1.87855162218194,-1.88340048790432,-3.43158394254856,9.21518610907912,6.31633443399453,0.102090393033405,3.65029059982442,-6.31374046072,1.68427933861215,0.0568720869159963,-37.5199790537012,-19.7933286303041,-30.8634132427908,-3801.55662788332
0.184983015114494,0.310051495414884,0.728124029290853,0.271632063926085,6.41647478802572,-5.28388231294268,4.85763932620979,-1.13343523606405,-4.86094965660878,0.0965954615065648,1.87855162218194,-1.88340048790432,-3.43158394254856,9.21518610907912,6.31633443399453,0.102090393033405,3.65029059982442,-6.31374046072,1.68427933861215,0.0568720869159963,-37.5199790537012,-19.7933286303041,-30.8634132427908,-3801.53197531611
0.184999959567431,0.309920208980676,0.72805039328107,0.271702554808803,6.41653467770005,-5.28288784519729,4.85734638299571,-1.13464911706505,-4.86078879061651,0.0965168542886347,1.87855162218194,-1.88340048790432,-3.43158394254856,9.21518610907912,6.31633443399453,0.102090393033405,3.65029059982442,-6.31374046072,1.68427933861215,0.0568720869159963,-37.5199790537012,-19.7933286303041,-30.8634132427908,-3801.51706115215
0.185145984054912,0.309384984598953,0.727813240009826,0.271932080989417,6.41647299648697,-5.2794267553517,4.85661163863611,-1.13837813203881,-4.86031786380254,0.0962982180142728,1.87855162218194,-1.88340048790432,-3.43158394254856,9.21518610907912,6.31633443399453,0.102090393033405,3.65029059982442,-6.31374046072,1.68427933861215,0.0568720869159963,-37.5199790537012,-19.7933286303041,-30.8634132427908,-3801.49388218211
0.185231699782674,0.309069226687822,0.727671556083713,0.272070875267274,6.41628947229834,-5.27717930965257,4.8564907340671,-1.14060708606774,-4.86032925074372,0.0961649585624545,1.87855162218194,-1.88340048790432,-3.43158394254856,9.21518610907912,6.31633443399453,0.102090393033405,3.65029059982442,-6.31374046072,1.68427933861215,0.0568720869159963,-37.5199790537012,-19.7933286303041,-30.8634132427908,-3801.48665954975
0.185312687870267,0.308785023627076,0.727526846209226,0.272214525511967,6.41587038117408,-5.27485693718261,4.85650110129826,-1.14262710174408,-4.86043788976681,0.0960542021229748,1.87855162218194,-1.88340048790432,-3.43158394254856,9.21518610907912,6.31633443399453,0.102090393033405,3.65029059982442,-6.31374046072,1.68427933861215,0.0568720869159963,-37.5199790537012,-19.7933286303041,-30.8634132427908,-3801.48160315418
0.185397305775322,0.308466869876115,0.727383269755268,0.272358656672329,6.41535794035528,-5.27237242374455,4.85677448270836,-1.14471411860903,-4.86081124009714,0.095949322616792,1.87855162218194,-1.88340048790432,-3.43158394254856,9.21518610907912,6.31633443399453,0.102090393033405,3.65029059982442,-6.31374046072,1.68427933861215,0.0568720869159963,-37.5199790537012,-19.7933286303041,-30.8634132427908,-3801.47769509708
0.185441917533906,0.308298462850767,0.727237628196045,0.272507689713021,6.4144974417603,-5.27020982471947,4.85676846219425,-1.14605988985194,-4.86083844322763,0.0959206612610134,1.87855162218194,-1.88340048790432,-3.43158394254856,9.21518610907912,6.31633443399453,0.102090393033405,3.65029059982442,-6.31374046072,1.68427933861215,0.0568720869159963,-37.5199790537012,-19.7933286303041,-30.8634132427908,-3801.4739697809
0.185490576384811,0.308178388712997,0.727133136330754,0.272616030211538,6.41366233731424,-5.26839210246887,4.85706918055258,-1.14702094984811,-4.86111760370114,0.0959423594783371,1.87855162218194,-1.88340048790432,-3.43158394254856,9.21518610907912,6.31633443399453,0.102090393033405,3.65029059982442,-6.31374046072,1.68427933861215,0.0568720869159963,-37.5199790537012,-19.7933286303041,-30.8634132427908,-3801.47065505558
0.186091139486777,0.30707102516934,0.727332946973167,0.272446689771654,6.41435380133797,-5.26885734286893,4.85711867883467,-1.14607243075341,-4.85959973278408,0.0961673908957384,1.87855162218194,-1.88340048790432,-3.43158394254856,9.21518610907912,6.31633443399453,0.102090393033405,3.65029059982442,-6.31374046072,1.68427933861215,0.0568720869159963,-37.5199790537012,-19.7933286303041,-30.8634132427908,-3801.46149670911
0.185776962946402,0.307976577012868,0.727413412212678,0.272342372559562,6.41413398347822,-5.26964593387415,4.85744273380159,-1.14536226541406,-4.8606512834009,0.0960156907487566,1.87855162218194,-1.88340048790432,-3.43158394254856,9.21518610907912,6.31633443399453,0.102090393033405,3.65029059982442,-6.31374046072,1.68427933861215,0.0568720869159963,-37.5199790537012,-19.7933286303041,-30.8634132427908,-3801.39753425419
0.185361000006931,0.308935143942966,0.727566839601967,0.272192763165289,6.4139919431027,-5.27109248745021,4.85792715720739,-1.14390279049489,-4.8612527438189,0.095990711264077,1.87855162218194,-1.88340048790432,-3.43158394254856,9.21518610907912,6.31633443399453,0.102090393033405,3.65029059982442,-6.31374046072,1.68427933861215,0.0568720869159963,-37.5199790537012,-19.7933286303041,-30.8634132427908,-3801.38639697441
0.184863570286052,0.310118839510921,0.727945608523173,0.271816822458441,6.41499881848716,-5.27742082831057,4.85979735480421,-1.13863091037402,-4.86321242023608,0.0959356704497889,1.87855162218194,-1.88340048790432,-3.43158394254856,9.21518610907912,6.31633443399453,0.102090393033405,3.65029059982442,-6.31374046072,1.68427933861215,0.0568720869159963,-37.5199790537012,-19.7933286303041,-30.8634132427908,-3801.37148937013
0.184470700259123,0.31103978776927,0.728298180510969,0.27146568176212,6.41644285911053,-5.28479337703419,4.86038826164023,-1.13270463411998,-4.86384294295528,0.095865819832752,1.87855162218194,-1.88340048790432,-3.43158394254856,9.21518610907912,6.31633443399453,0.102090393033405,3.65029059982442,-6.31374046072,1.68427933861215,0.0568720869159963,-37.5199790537012,-19.7933286303041,-30.8634132427908,-3801.36225855232
0.184253842556779,0.311576265681936,0.728523788447354,0.271240661235629,6.41734889248979,-5.2897590541031,4.86020476854872,-1.12863301720521,-4.86366438858844,0.0958000604562635,1.87855162218194,-1.88340048790432,-3.43158394254856,9.21518610907912,6.31633443399453,0.102090393033405,3.65029059982442,-6.31374046072,1.68427933861215,0.0568720869159963,-37.5199790537012,-19.7933286303041,-30.8634132427908,-3801.35651858382
0.183996895432042,0.312228135665737,0.728819982477864,0.270944926477956,6.41858486812325,-5.29647603047533,4.85964701069207,-1.12312389834048,-4.86309506581625,0.0956953289375447,1.87855162218194,-1.88340048790432,-3.43158394254856,9.21518610907912,6.31633443399453,0.102090393033405,3.65029059982442,-6.31374046072,1.68427933861215,0.0568720869159963,-37.5199790537012,-19.7933286303041,-30.8634132427908,-3801.35131962296
0.183948420691912,0.312387297445871,0.728974302894224,0.270789967062078,6.41945965990635,-5.30050276754284,4.85903530537757,-1.11992863380008,-4.86244385421825,0.0956324156311736,1.87855162218194,-1.88340048790432,-3.43158394254856,9.21518610907912,6.31633443399453,0.102090393033405,3.65029059982442,-6.31374046072,1.68427933861215,0.0568720869159963,-37.5199790537012,-19.7933286303041,-30.8634132427908,-3801.34893274537
0.184071365866703,0.312150232619342,0.729038781961616,0.270723760000651,6.42021596227446,-5.30305354180652,4.85824899477403,-1.11806955166057,-4.86158900246675,0.0955996917884132,1.87855162218194,-1.88340048790432,-3.43158394254856,9.21518610907912,6.31633443399453,0.102090393033405,3.65029059982442,-6.31374046072,1.68427933861215,0.0568720869159963,-37.5199790537012,-19.7933286303041,-30.8634132427908,-3801.34643124202
0.184259194252682,0.311764152507759,0.729056357837572,0.270704042825746,6.4208511366454,-5.30499254370381,4.85705364887513,-1.11669330638862,-4.86031143219547,0.0955756900358596,1.87855162218194,-1.88340048790432,-3.43158394254856,9.21518610907912,6.31633443399453,0.102090393033405,3.65029059982442,-6.31374046072,1.68427933861215,0.0568720869159963,-37.5199790537012,-19.7933286303041,-30.8634132427908,-3801.34384569697
0.184428284011662,0.311420335433181,0.729052496030075,0.270706161285724,6.42125060293769,-5.3062393446764,4.85584317965085,-1.11578667068492,-4.85903173984697,0.0955525797584126,1.87855162218194,-1.88340048790432,-3.43158394254856,9.21518610907912,6.31633443399453,0.102090393033405,3.65029059982442,-6.31374046072,1.68427933861215,0.0568720869159963,-37.5199790537012,-19.7933286303041,-30.8634132427908,-3801.34158157893
0.184642990020361,0.310979115674781,0.729027909514889,0.270728740421738,6.42162166878734,-5.30723628888869,4.8543856271031,-1.11509205276026,-4.85749382048699,0.0955240080348165,1.87855162218194,-1.88340048790432,-3.43158394254856,9.21518610907912,6.31633443399453,0.102090393033405,3.65029059982442,-6.31374046072,1.68427933861215,0.0568720869159963,-37.5199790537012,-19.7933286303041,-30.8634132427908,-3801.33913424017
0.184833070918745,0.31058062194755,0.728986383040219,0.270768690847322,6.4218266854232,-5.30755173531068,4.85321703478546,-1.11492720119898,-4.85626207673573,0.0955006901449102,1.87855162218194,-1.88340048790432,-3.43158394254856,9.21518610907912,6.31633443399453,0.102090393033405,3.65029059982442,-6.31374046072,1.68427933861215,0.0568720869159963,-37.5199790537012,-19.7933286303041,-30.8634132427908,-3801.3370513338
0.185065831333312,0.310085121599013,0.728917377294825,0.270835953138532,6.4219546168786,-5.30743563212565,4.85190066127016,-1.11511042816396,-4.85487579965181,0.0954738939960697,1.87855162218194,-1.88340048790432,-3.43158394254856,9.21518610907912,6.31633443399453,0.102090393033405,3.65029059982442,-6.31374046072,1.68427933861215,0.0568720869159963,-37.5199790537012,-19.7933286303041,-30.8634132427908,-3801.33479163949
0.185264419984662,0.309655280017971,0.728841867544761,0.270910153823951,6.42195566233891,-5.30686198840927,4.85088990911882,-1.115638836471,-4.85381249515123,0.0954525738866218,1.87855162218194,-1.88340048790432,-3.43158394254856,9.21518610907912,6.31633443399453,0.102090393033405,3.65029059982442,-6.31374046072,1.68427933861215,0.0568720869159963,-37.5199790537012,-19.7933286303041,-30.8634132427908,-3801.33284507968
0.185498591510249,0.30914157361671,0.728737584700808,0.271013061950723,6.42185017978448,-5.30571075063019,4.84981122275434,-1.11663534341579,-4.85267847408278,0.0954286798291166,1.87855162218194,-1.88340048790432,-3.43158394254856,9.21518610907912,6.31633443399453,0.102090393033405,3.65029059982442,-6.31374046072,1.68427933861215,0.0568720869159963,-37.5199790537012,-19.7933286303041,-30.8634132427908,-3801.33072821354
0.185689534137882,0.30871632011859,0.728637894035217,0.271111777947321,6.42166680721499,-5.30437841455985,4.84901376720284,-1.11774852438834,-4.85184123945731,0.0954090436474025,1.87855162218194,-1.88340048790432,-3.43158394254856,9.21518610907912,6.31633443399453,0.102090393033405,3.65029059982442,-6.31374046072,1.68427933861215,0.0568720869159963,-37.5199790537012,-19.7933286303041,-30.8634132427908,-3801.32889258349
0.185906574300894,0.308227045219275,0.728510769563726,0.271237945759739,6.42136207001171,-5.30244684994272,4.84820536043064,-1.11933936577949,-4.85099315561545,0.095386624509132,1.87855162218194,-1.88340048790432,-3.43158394254856,9.21518610907912,6.31633443399453,0.102090393033405,3.65029059982442,-6.31374046072,1.68427933861215,0.0568720869159963,-37.5199790537012,-19.7933286303041,-30.8634132427908,-3801.3268942759
0.186078074283376,0.307834177276327,0.728396370707962,0.271351731477655,6.42103171769146,-5.30051754986527,4.84765633996482,-1.12091425852971,-4.85041777844661,0.0953681273326034,1.87855162218194,-1.88340048790432,-3.43158394254856,9.21518610907912,6.31633443399453,0.102090393033405,3.65029059982442,-6.31374046072,1.68427933861215,0.0568720869159963,-37.5199790537012,-19.7933286303041,-30.8634132427908,-3801.32515490228
0.186265815305728,0.307397969054245,0.728256976998798,0.271490599068372,6.42057634379496,-5.29799452727899,4.84714682927865,-1.12296003551098,-4.84988434758159,0.0953466668994972,1.87855162218194,-1.88340048790432,-3.43158394254856,9.21518610907912,6.31633443399453,0.102090393033405,3.65029059982442,-6.31374046072,1.68427933861215,0.0568720869159963,-37.5199790537012,-19.7933286303041,-30.8634132427908,-3801.32326112355
0.186408844703464,0.307059118927906,0.728135812251109,0.271611510450933,6.42012776321915,-5.29565710901682,4.84685381378893,-1.1248367400565,-4.84957795378367,0.0953286455088114,1.87855162218194,-1.88340048790432,-3.43158394254856,9.21518610907912,6.31633443399453,0.102090393033405,3.65029059982442,-6.31374046072,1.68427933861215,0.0568720869159963,-37.5199790537012,-19.7933286303041,-30.8634132427908,-3801.32160697798
0.186558458892456,0.30669759663257,0.727992969500678,0.271754250031692,6.41954818420276,-5.29273189438705,4.8466640953604,-1.12717482587011,-4.84937961597019,0.0953082350357,1.87855162218194,-1.88340048790432,-3.43158394254856,9.21518610907912,6.31633443399453,0.102090393033405,3.65029059982442,-6.31374046072,1.68427933861215,0.0568720869159963,-37.5199790537012,-19.7933286303041,-30.8634132427908,-3801.31981020598
0.186666439230476,0.306428721274446,0.727872113301926,0.271875203197154,6.41901154817107,-5.2901072943818,4.84664000124974,-1.12926272509137,-4.8493547641599,0.0952912186554807,1.87855162218194,-1.88340048790432,-3.43158394254856,9.21518610907912,6.31633443399453,0.102090393033405,3.65029059982442,-6.31374046072,1.68427933861215,0.0568720869159963,-37.5199790537012,-19.7933286303041,-30.8634132427908,-3801.31823411267
0.186772402886612,0.306156126542266,0.727733597464281,0.272014008695359,6.41835146017973,-5.28695266832725,4.84674963686247,-1.13176331455865,-4.84946974902431,0.0952716801073753,1.87855162218194,-1.88340048790432,-3.43158394254856,9.21518610907912,6.31633443399453,0.102090393033405,3.65029059982442,-6.31374046072,1.68427933861215,0.0568720869159963,-37.5199790537012,-19.7933286303041,-30.8634132427908,-3801.31652447299
0.186842265834247,0.3059660158242,0.727619082650995,0.27212893823445,6.41776817993576,-5.28419856213442,4.84697550129282,-1.13394516664207,-4.84970603571729,0.0952552618262775,1.87855162218194,-1.88340048790432,-3.43158394254856,9.21518610907912,6.31633443399453,0.102090393033405,3.65029059982442,-6.31374046072,1.68427933861215,0.0568720869159963,-37.5199790537012,-19.7933286303041,-30.8634132427908,-3801.31501999656
0.186901725135878,0.305790973935658,0.727491285359738,0.272257374223638,6.41707146454803,-5.28098740163372,4.84736364880183,-1.13647796387082,-4.85011174588615,0.0952365192722335,1.87855162218194,-1.88340048790432,-3.43158394254856,9.21518610907912,6.31633443399453,0.102090393033405,3.65029059982442,-6.31374046072,1.68427933861215,0.0568720869159963,-37.5199790537012,-19.7933286303041,-30.8634132427908,-3801.31339231688
0.186931264561729,0.305686541435745,0.727388229506131,0.272361126233199,6.41646049470026,-5.27823374172294,4.84782314464669,-1.13864172619272,-4.85059148912291,0.0952210342867667,1.87855162218194,-1.88340048790432,-3.43158394254856,9.21518610907912,6.31633443399453,0.102090393033405,3.65029059982442,-6.31374046072,1.68427933861215,0.0568720869159963,-37.5199790537012,-19.7933286303041,-30.8634132427908,-3801.31195504871
0.18694348843935,0.305612876189761,0.727276430595462,0.272473865143645,6.41574835838526,-5.27509898204087,4.84846246331737,-1.14109355756932,-4.85125884389955,0.0952035103375645,1.87855162218194,-1.88340048790432,-3.43158394254856,9.21518610907912,6.31633443399453,0.102090393033405,3.65029059982442,-6.31374046072,1.68427933861215,0.0568720869159963,-37.5199790537012,-19.7933286303041,-30.8634132427908,-3801.31040257687
0.186932676785658,0.305596089767086,0.727188848944072,0.272562379033487,6.4151374596175,-5.27247759160763,4.84911934844688,-1.14313368035934,-4.85194411033844,0.0951890874420086,1.87855162218194,-1.88340048790432,-3.43158394254856,9.21518610907912,6.31633443399453,0.102090393033405,3.65029059982442,-6.31374046072,1.68427933861215,0.0568720869159963,-37.5199790537012,-19.7933286303041,-30.8634132427908,-3801.30902845468
0.186898840824498,0.30562371460406,0.727097393947488,0.272655017837089,6.41444921689192,-5.26956913503922,4.84996791779054,-1.14539207664269,-4.85282914674653,0.0951731765057361,1.87855162218194,-1.88340048790432,-3.43158394254856,9.21518610907912,6.31633443399453,0.102090393033405,3.65029059982442,-6.31374046072,1.68427933861215,0.0568720869159963,-37.5199790537012,-19.7933286303041,-30.8634132427908,-3801.30754660287
0.186849796686318,0.305691905730469,0.727028700776247,0.272724828539219,6.41387577147507,-5.26718454184019,4.8507890439741,-1.14723973067972,-4.85368502101779,0.0951601711483099,1.87855162218194,-1.88340048790432,-3.43158394254856,9.21518610907912,6.31633443399453,0.102090393033405,3.65029059982442,-6.31374046072,1.68427933861215,0.0568720869159963,-37.5199790537012,-19.7933286303041,-30.8634132427908,-3801.30622995575
0.18677487034362,0.305812178239921,0.726960680803934,0.272794208160268,6.41324064939856,-5.26459046935807,4.85179855859256,-1.14924340784571,-4.85473695240704,0.0951457043506045,1.87855162218194,-1.88340048790432,-3.43158394254856,9.21518610907912,6.31633443399453,0.102090393033405,3.65029059982442,-6.31374046072,1.68427933861215,0.0568720869159963,-37.5199790537012,-19.7933286303041,-30.8634132427908,-3801.30481299882
0.186691983253452,0.305957147992534,0.726912156165361,0.27284397723008,6.41271760940479,-5.26252226999539,4.85272389646773,-1.15082964676111,-4.85570107185381,0.0951331632887936,1.87855162218194,-1.88340048790432,-3.43158394254856,9.21518610907912,6.31633443399453,0.102090393033405,3.65029059982442,-6.31374046072,1.68427933861215,0.0568720869159963,-37.5199790537012,-19.7933286303041,-30.8634132427908,-3801.30354884756
0.186581553847888,0.306159644406406,0.72686817390432,0.272889428925419,6.41215974627573,-5.26035467480242,4.85382525681483,-1.15248807070612,-4.85684823394256,0.0951192670292071,1.87855162218194,-1.88340048790432,-3.43158394254856,9.21518610907912,6.31633443399453,0.102090393033405,3.65029059982442,-6.31374046072,1.68427933861215,0.0568720869159963,-37.5199790537012,-19.7933286303041,-30.8634132427908,-3801.3021927526
0.186469762105581,0.306372433980395,0.726841342501361,0.27291757703935,6.41171059674225,-5.25867431734367,4.85482065263219,-1.15376307550939,-4.85788465127167,0.0951076332211211,1.87855162218194,-1.88340048790432,-3.43158394254856,9.21518610907912,6.31633443399453,0.102090393033405,3.65029059982442,-6.31374046072,1.68427933861215,0.0568720869159963,-37.5199790537012,-19.7933286303041,-30.8634132427908,-3801.30097782854
0.186329581456388,0.306645823007188,0.726822502678583,0.272937932092929,6.41124695025424,-5.25699655759109,4.85597230128115,-1.15502772015609,-4.8590834451891,0.0950949261519591,1.87855162218194,-1.88340048790432,-3.43158394254856,9.21518610907912,6.31633443399453,0.102090393033405,3.65029059982442,-6.31374046072,1.68427933861215,0.0568720869159963,-37.5199790537012,-19.7933286303041,-30.8634132427908,-3801.29967742282
0.18619477296501,0.306914640673572,0.726817501129167,0.272944267842122,6.41088581557885,-5.25576661428772,4.8569909281692,-1.15594111075362,-4.86014348562446,0.0950842644105909,1.87855162218194,-1.88340048790432,-3.43158394254856,9.21518610907912,6.31633443399453,0.102090393033405,3.65029059982442,-6.31374046072,1.68427933861215,0.0568720869159963,-37.5199790537012,-19.7933286303041,-30.8634132427908,-3801.29850751684
0.186032091504831,0.30724438827515,0.726823236124485,0.272940033713043,6.41052706428106,-5.2546234863114,4.85813950082593,-1.1567756980611,-4.86133852003137,0.0950727027962966,1.87855162218194,-1.88340048790432,-3.43158394254856,9.21518610907912,6.31633443399453,0.102090393033405,3.65029059982442,-6.31374046072,1.68427933861215,0.0568720869159963,-37.5199790537012,-19.7933286303041,-30.8634132427908,-3801.29725757725
0.185881027396881,0.307555468285912,0.726839388237171,0.272925178899998,6.41026300688087,-5.25386559355094,4.85913472373242,-1.15731294500749,-4.86237373578151,0.0950629565400822,1.87855162218194,-1.88340048790432,-3.43158394254856,9.21518610907912,6.31633443399453,0.102090393033405,3.65029059982442,-6.31374046072,1.68427933861215,0.0568720869159963,-37.5199790537012,-19.7933286303041,-30.8634132427908,-3801.29613001422
0.185703817159546,0.307924818525121,0.726868154567369,0.272897843501459,6.4100183890456,-5.25326743618715,4.86023220211495,-1.15771431954646,-4.8635151010652,0.0950522345581616,1.87855162218194,-1.88340048790432,-3.43158394254856,9.21518610907912,6.31633443399453,0.102090393033405,3.65029059982442,-6.31374046072,1.68427933861215,0.0568720869159963,-37.5199790537012,-19.7933286303041,-30.8634132427908,-3801.29492602207
0.185543882927831,0.308262413484556,0.726903571375039,0.27286364086487,6.40986046766974,-5.25298531976936,4.86116460074805,-1.15787900395088,-4.86448446788855,0.0950429354078068,1.87855162218194,-1.88340048790432,-3.43158394254856,9.21518610907912,6.31633443399453,0.102090393033405,3.65029059982442,-6.31374046072,1.68427933861215,0.0568720869159963,-37.5199790537012,-19.7933286303041,-30.8634132427908,-3801.29383801953
0.185360361782615,0.308653554626672,0.726952902503706,0.272815624799193,6.40973708928535,-5.25291447315339,4.86217224599755,-1.15787016476063,-4.86553181382529,0.0950324285133766,1.87855162218194,-1.88340048790432,-3.43158394254856,9.21518610907912,6.31633443399453,0.102090393033405,3.65029059982442,-6.31374046072,1.68427933861215,0.0568720869159963,-37.5199790537012,-19.7933286303041,-30.8634132427908,-3801.29267606891
0.185197663876789,0.309004131460284,0.727005067414334,0.272764553321001,6.4096808430518,-5.25310128011569,4.86300920756119,-1.15766325442455,-4.86640142699297,0.0950231759156652,1.87855162218194,-1.88340048790432,-3.43158394254856,9.21518610907912,6.31633443399453,0.102090393033405,3.65029059982442,-6.31374046072,1.68427933861215,0.0568720869159963,-37.5199790537012,-19.7933286303041,-30.8634132427908,-3801.29162518948
0.185015183245722,0.309401082924806,0.72707199763348,0.272698781828603,6.4096711000931,-5.25354353781802,4.86389621483074,-1.15724933262486,-4.86732263945442,0.0950126668428495,1.87855162218194,-1.88340048790432,-3.43158394254856,9.21518610907912,6.31633443399453,0.102090393033405,3.65029059982442,-6.31374046072,1.68427933861215,0.0568720869159963,-37.5199790537012,-19.7933286303041,-30.8634132427908,-3801.29050308298
0.184856138105168,0.309750566561315,0.727138488026822,0.272633232709333,6.40971381227962,-5.2541569640257,4.86461365127463,-1.15670929671405,-4.86806742030215,0.0950032656575261,1.87855162218194,-1.88340048790432,-3.43158394254856,9.21518610907912,6.31633443399453,0.102090393033405,3.65029059982442,-6.31374046072,1.68427933861215,0.0568720869159963,-37.5199790537012,-19.7933286303041,-30.8634132427908,-3801.28948672294
0.184680762903498,0.310139502656121,0.727219929850557,0.27255275942708,6.40981536566547,-5.25507293416774,4.86534784235069,-1.15592619228685,-4.86882930733887,0.0949927363100254,1.87855162218194,-1.88340048790432,-3.43158394254856,9.21518610907912,6.31633443399453,0.102090393033405,3.65029059982442,-6.31374046072,1.68427933861215,0.0568720869159963,-37.5199790537012,-19.7933286303041,-30.8634132427908,-3801.28840342449
0.184530988355003,0.310475303725974,0.72729784181156,0.272475606123396,6.40995685756284,-5.25610148542013,4.86592122841931,-1.15506338923177,-4.86942393582874,0.0949836026453732,1.87855162218194,-1.88340048790432,-3.43158394254856,9.21518610907912,6.31633443399453,0.102090393033405,3.65029059982442,-6.31374046072,1.68427933861215,0.0568720869159963,-37.5199790537012,-19.7933286303041,-30.8634132427908,-3801.28742074034
0.184368642495513,0.310842969558723,0.727390547629667,0.272383652438489,6.41016217185484,-5.2574608222224,4.86648659039267,-1.15393305537772,-4.87000981698083,0.094973355584118,1.87855162218195,-1.88340048790432,-3.43158394254857,9.21518610907914,6.31633443399453,0.102090393033405,3.65029059982442,-6.31374046072,1.68427933861215,0.0568720869159971,-37.5199790537012,-19.7933286303041,-30.8634132427908,-3801.28637298967
0.184233703909556,0.311152425548956,0.727476601441623,0.272298157200953,6.41038945474001,-5.25883829498699,4.86690381884767,-1.15280002703542,-4.87044167154631,0.0949642895776476,1.87855162218195,-1.88340048790432,-3.43158394254858,9.21518610907917,6.31633443399453,0.102090393033404,3.65029059982442,-6.31374046072,1.68427933861215,0.056872086915998,-37.5199790537012,-19.7933286303041,-30.8634132427908,-3801.28542369672
0.184090636932397,0.311484085164747,0.727576715635262,0.272198562362878,6.4106880407959,-5.2605645241395,4.86728823679955,-1.15138781557265,-4.87083898178126,0.0949541219511583,1.87855162218666,-1.88340048790423,-3.43158394255895,9.21518610910146,6.31633443399544,0.102090393033006,3.65029059982458,-6.31374046071916,1.68427933861186,0.0568720869168244,-37.5199790536978,-19.7933286303041,-30.8634132427908,-3801.28441073059
0.183974068611572,0.311758357481979,0.727667619528014,0.272108007978972,6.41099416009919,-5.2622459672631,4.86754163319202,-1.15002219784908,-4.87110018505769,0.094945025508171,1.87855162219132,-1.88340048790414,-3.43158394256921,9.21518610912353,6.31633443399634,0.102090393032613,3.65029059982473,-6.31374046071833,1.68427933861156,0.056872086917642,-37.5199790536945,-19.7933286303041,-30.8634132427908,-3801.28349219191
0.183854218557187,0.312044569796405,0.727771105657597,0.272004804516536,6.41137304066169,-5.26426938192952,4.8677375529909,-1.14838459004563,-4.87130128357944,0.0949346391657821,1.87855162680173,-1.8834004878148,-3.4315839527207,9.21518613095503,6.316334434886,0.102090392643012,3.65029059997491,-6.31374045989775,1.68427933831957,0.0568720877267816,-37.5199790503912,-19.7933286303039,-30.8634132427905,-3801.28251428734
0.183760123120707,0.312273891874113,0.727863442203952,0.271912607387816,6.41173981501965,-5.26617107139557,4.86782424731485,-1.14685180248323,-4.87138899007112,0.0949252926072479,1.8785516313729,-1.88340048772621,-3.43158396278578,9.21518615260073,6.31633443576808,0.102090392256728,3.65029060012381,-6.31374045908414,1.68427933803007,0.0568720885290343,-37.5199790471161,-19.7933286303037,-30.8634132427902,-3801.28162666656
0.183667236195008,0.312505185043029,0.727966735399663,0.271809358578796,6.41218326657205,-5.26840338604123,4.86783281714245,-1.14506131879941,-4.87139516862671,0.0949148295859159,1.87855616440667,-1.88340039987978,-3.43159394389699,9.21520761770605,6.31633531049422,0.102090009195288,3.65029074778458,-6.31373965226976,1.68427905094179,0.0568728840886143,-37.5199757993034,-19.793328630119,-30.8634132424875,-3801.28068284788
0.183598662204052,0.312681676425621,0.728057163243559,0.271718858877686,6.41260594759089,-5.27046222706829,4.86775213107167,-1.14341976665004,-4.87130893017101,0.0949057331110269,1.87856065989575,-1.88340031276092,-3.43160384234002,9.21522890502745,6.31633617797546,0.102089629306541,3.65029089422236,-6.31373885213779,1.68427876623131,0.0568736730590013,-37.5199725783906,-19.7933286299358,-30.8634132421873,-3801.2798258546
0.18353537684658,0.312851036370249,0.728156628211122,0.271619205492838,6.41310147481998,-5.27283817559131,4.86757482664297,-1.14152941670298,-4.87112206385211,0.0948956540953055,1.88300955589706,-1.88331409762897,-3.44139969321678,9.23629560047495,6.31719466877927,0.101713677452862,3.65043581480555,-6.31294701254498,1.68399700601004,0.057654466716856,-37.5167850472645,-19.7933284486573,-30.863412945095,-3801.27891420209
0.183493882358808,0.312970316942785,0.728242028997094,0.271533534744824,6.41355872445573,-5.274978526333,4.86733521312777,-1.13983377917928,-4.87087080703911,0.0948867765013394,1.88741401838332,-1.88322874288628,-3.45109770823873,9.25715188753832,6.3180445849479,0.101341480807779,3.65057928750661,-6.31216308192935,1.68371806040164,0.0584274617450149,-37.5136293528443,-19.7933282691897,-30.8634126509702,-3801.27808727111
0.183462001717784,0.313072610137661,0.728334036090578,0.271441125120656,6.41408186045324,-5.27738783136195,4.86698711824039,-1.13792996210493,-4.87050666365183,0.0948770267400914,4.98295896964362,-1.82362691792828,-10.2667365807502,23.9176108357423,6.91562269506249,-0.160457071966401,3.7516861369582,-5.7609478042475,1.48737576985607,0.601941827513894,-35.2951562474497,-19.7932019159851,-30.8632057125601,-3801.27720909102
0.183456912902213,0.313101850684536,0.728381017879633,0.271393844284204,6.41437823594025,-5.27870179035486,4.86673818259941,-1.13689995911521,-4.87024671542188,0.0948721722465622,8.15040852451041,-1.76252038061803,-17.2407917667861,38.9179132337451,7.52700708885781,-0.428271180852221,3.85505726663139,-5.19700725993034,1.28656397368676,1.15800728817394,-33.0253340054029,-19.7930726960437,-30.8629940361271,-3801.27656187704
0.185216442869902,0.309764835855891,0.727946179159423,0.27180832151753,6.41713184139975,-5.28187005463363,4.8587424168816,-1.13579971523694,-4.86184430437995,0.0948375713285669,8.15040852451041,-1.76252038061803,-17.2407917667861,38.9179132337451,7.52700708885781,-0.428271180852221,3.85505726663139,-5.19700725993034,1.28656397368676,1.15800728817394,-33.0253340054029,-19.7930726960437,-30.8629940361271,-3801.25452904134
0.184979411678872,0.31000892218723,0.727909453450757,0.271857691720611,6.41669321608739,-5.28140556780853,4.85679941096201,-1.13603014223126,-4.85986676671807,0.0948796039383633,8.55174495154174,-1.75474923282897,-18.1244735476018,40.8183837510909,7.6044557712879,-0.462189390143437,3.86813505178726,-5.12557099036669,1.26114147147175,1.22844685384234,-32.7377760860005,-19.7930563392452,-30.8629672316952,-3801.24634871276
0.1849180909825,0.310071771797504,0.727988539899721,0.271775048060206,6.41609094177543,-5.28116371118626,4.85810827321729,-1.13579276788424,-4.86134941771565,0.0948482318942396,8.43379888018526,-1.7570344934955,-17.8647730305633,40.2598756043322,7.58169579584673,-0.452222186265513,3.86429272551208,-5.14656396885729,1.26861162014198,1.20774673336529,-32.8222823229915,-19.7930611454122,-30.8629751082402,-3801.24511617621
0.18503127823708,0.309800167126872,0.727981467366438,0.271782396036099,6.41607296735631,-5.28068399499513,4.85783039053081,-1.1362018831098,-4.86100298759508,0.0948521982752561,8.4574477538098,-1.75657581019161,-17.9168448915436,40.3718569917793,7.58625900857175,-0.454220408871362,3.86506280029661,-5.14235506563527,1.26711417338934,1.2118969333245,-32.8053391481704,-19.7930601820149,-30.8629735292145,-3801.24464692895
0.1850686006279,0.30967249003826,0.727978418320752,0.271785561334405,6.41592376182282,-5.28046963967389,4.85765234705907,-1.13626163141187,-4.86080854832162,0.0948492099629449,8.46687956513888,-1.7563930663043,-17.9376124008893,40.4165193091178,7.58807906006806,-0.455017458692696,3.86537006128766,-5.14067631583486,1.26651680568937,1.21355226352385,-32.7985814448135,-19.7930597976777,-30.8629728993475,-3801.24451092293
0.185190532569385,0.309266572696811,0.727972594770062,0.271791673495535,6.41543947919487,-5.27974209741752,4.85718557809228,-1.13649205042946,-4.8602965640418,0.0948365292787924,8.55493473431489,-1.75468697377174,-18.1314973783165,40.8334856514513,7.60507101851449,-0.46245869770414,3.86823864385594,-5.12500354644515,1.26093979358555,1.2290063904023,-32.7354915366582,-19.7930562095177,-30.8629670189286,-3801.24424130128
0.185228356581415,0.30913489654809,0.727970989759764,0.271793378875741,6.41526745514149,-5.27950883429983,4.85704613549999,-1.13655096354517,-4.86014444945519,0.0948288267129216,8.63795553415706,-1.75307863812285,-18.3142972106632,41.2266140592776,7.62109163056606,-0.469474616816863,3.87094337205351,-5.11022669422313,1.25568147218962,1.24357709307451,-32.6760083052791,-19.7930528263825,-30.8629614745894,-3801.24412916825
0.185326323772872,0.308794329325798,0.727967394586229,0.271797237349617,6.41481832714568,-5.27889642679317,4.85670452150647,-1.13670905518978,-4.85977147375803,0.0948052085050064,8.92125555231075,-1.74759073457942,-18.9380826923766,42.5681268668435,7.67576057088547,-0.493415932419942,3.88017324719004,-5.05980194451455,1.23773769860781,1.29329836578247,-32.4730271510967,-19.7930412815666,-30.8629425548854,-3801.24392551447
0.185358151786423,0.308681738002372,0.727966428504573,0.271798302836479,6.41466664702818,-5.27868929624469,4.85660006924537,-1.1367636641188,-4.85965791671494,0.0947937891910244,9.18992180492233,-1.74239131624999,-19.5296425904495,43.8403732737208,7.72760870950692,-0.516123300530784,3.88892986658625,-5.01197859430338,1.22071700505645,1.34045438030635,-32.2805233578181,-19.7930303302506,-30.8629246096042,-3801.24383834876
0.185420553664902,0.308459044063765,0.727964807072704,0.271800132957429,6.4143562943411,-5.27827109351305,4.85640520653497,-1.13687088394567,-4.8594465642059,0.0947673922090435,9.92821189624587,-1.72810588981229,-21.1552366260337,47.3364981760152,7.87008801178475,-0.578524099061973,3.91299464031672,-4.88055925499582,1.17394255905405,1.47003979403275,-31.7515226664768,-19.7930002348177,-30.8628752948653,-3801.2437089819
0.18544328809572,0.308374516697547,0.727964479436785,0.271800552409224,6.41422573722891,-5.27810124590119,4.8563421211382,-1.13691174982102,-4.8593795460527,0.0947541973366994,10.6480214544121,-1.71421024219616,-22.7401128325203,50.7452959836774,8.00902078370239,-0.639380472152565,3.93647959257982,-4.75240850615639,1.1283145342571,1.59640125617851,-31.2357152029301,-19.7929708744412,-30.86282719611,-3801.24364421685
0.185454086481705,0.308330080650254,0.727964506537868,0.271800583039224,6.4141436769978,-5.27801253289127,4.85631619252624,-1.13692128854146,-4.85935405313963,0.0947452833577997,12.3527110087469,-1.68160384223898,-26.4932465067391,58.8199312859943,8.33823552899287,-0.783668375173969,3.99230945793764,-4.44871804664539,1.02002688426074,1.89584240184147,-30.0136961538724,-19.7929011703155,-30.8627131133323,-3801.2435804076
0.185455432957391,0.308320862046661,0.727964887731384,0.271800219406883,6.41411399275069,-5.27798727987424,4.85632338952188,-1.13691947173026,-4.85936397423354,0.0947411008788217,19.0201708922076,-1.56029948139899,-41.1675070660447,90.4378440450457,9.62973355257499,-1.35141106367574,4.21503710472569,-3.25684043794777,0.591764086345401,3.07085612386514,-25.2246298429473,-19.7926250066367,-30.8622633431527,-3801.24352088165
0.18545266457236,0.308328437175637,0.727965462859632,0.271799639596967,6.41411339289042,-5.27799345465111,4.85634737975266,-1.13691449878523,-4.85939106164009,0.0947389900134405,21.5734671956633,-1.51197271920164,-46.7885532969415,102.535049466531,10.1231505886275,-1.56780549933627,4.299017804607,-2.80163650350054,0.429182208740745,3.51967540307802,-23.3935040135458,-19.7925203131287,-30.8620921765142,-3801.24346365866
0.185265795070631,0.309029051583493,0.728018030552627,0.271743754581723,6.41472894273218,-5.27907148891218,4.85814082893393,-1.13651933398961,-4.86135785029198,0.0947122235869841,21.5734671956633,-1.51197271920164,-46.7885532969415,102.535049466531,10.1231505886275,-1.56780549933627,4.299017804607,-2.80163650350054,0.429182208740745,3.51967540307802,-23.3935040135458,-19.7925203131287,-30.8620921765142,-3801.24321824068
0.185224412631179,0.309131001236638,0.727993955444343,0.27177046984919,6.41499937747326,-5.27919182145074,4.8576457464767,-1.13664644994953,-4.86080000862265,0.0947264440183072,22.0515577962098,-1.50270404284402,-47.8412454714782,104.79891269099,10.2154040452628,-1.60820427383136,4.31458874618537,-2.71654569421105,0.398906319692611,3.6035793591935,-23.0509673503115,-19.7925008346056,-30.8620602523627,-3801.24240921651
0.18516385949635,0.309330568008828,0.727980417536034,0.271784496915082,6.41540193198837,-5.27968131961293,4.85753033977816,-1.13653094030957,-4.86066088086396,0.0947296590152462,22.0515577962098,-1.50270404284402,-47.8412454714782,104.79891269099,10.2154040452628,-1.60820427383136,4.31458874618537,-2.71654569421105,0.398906319692611,3.6035793591935,-2607.85336925084,-19.7925008346056,-30.8620602523627,-3801.24234010459
0.185122373720515,0.309470502958407,0.727983125858981,0.271781323790836,6.41555494803627,-5.27997355058059,4.8576722056182,-1.1363954586251,-4.86082211930617,0.0947254720309182,22.0515577962098,-1.50270404284402,-47.8412454714782,104.79891269099,10.2154040452628,-1.60820427383136,4.31458874618537,-2.71654569421105,0.398906319692611,3.6035793591935,-2267.58743746133,-19.7925008346056,-30.8620602523627,-3801.24228120773
0.185103779330463,0.309537934219725,0.727981800472633,0.271782681243906,6.41566763187972,-5.28011008848582,4.85767566577042,-1.13636682564255,-4.86082404456908,0.0947247010688642,22.0515577962098,-1.50270404284402,-47.8412454714782,104.79891269099,10.2154040452628,-1.60820427383136,4.31458874618537,-2.71654569421105,0.398906319692611,3.6035793591935,-2220.61349880247,-19.7925008346056,-30.8620602523627,-3801.24226542375
0.18509019220369,0.309581246701521,0.727981533881877,0.271782931796868,6.41572023724996,-5.2801978374616,4.85768115749354,-1.13633148683067,-4.86083157205724,0.0947233877030392,22.0515577962098,-1.50270404284402,-47.8412454714782,104.79891269099,10.2154040452628,-1.60820427383136,4.31458874618537,-2.71654569421105,0.398906319692611,3.6035793591935,-2016.99960611206,-19.7925008346056,-30.8620602523627,-3801.24225485964
0.185085105478389,0.309599192127612,0.727981061872267,0.27178345712023,6.41574886450734,-5.28023307059679,4.85767248087043,-1.13632378037809,-4.86082175469953,0.0947225926826794,22.0515577962098,-1.50270404284402,-47.8412454714782,104.79891269099,10.2154040452628,-1.60820427383136,4.31458874618537,-2.71654569421105,0.398906319692611,3.6035793591935,-2075.01234576429,-19.7925008346056,-30.8620602523627,-3801.24224610456
0.185081903655746,0.309610200775044,0.727981339638124,0.271783125045569,6.41576124632322,-5.28025787407445,4.85768111988938,-1.13631120130436,-4.86083168243524,0.0947212356110911,22.0515577962098,-1.50270404284402,-47.8412454714782,104.79891269099,10.2154040452628,-1.60820427383136,4.31458874618537,-2.71654569421105,0.398906319692611,3.6035793591935,-1854.19265651838,-19.7925008346056,-30.8620602523627,-3801.24223799031
0.185080050578178,0.309615182895948,0.727980817962661,0.271783733592079,6.41576843222532,-5.28026087514391,4.85766631858635,-1.13631514711267,-4.86081530875396,0.0947206183570669,22.0515577962098,-1.50270404284402,-47.8412454714782,104.79891269099,10.2154040452628,-1.60820427383136,4.31458874618537,-2.71654569421105,0.398906319692611,3.6035793591935,-2016.13379880603,-19.7925008346056,-30.8620602523627,-3801.24223043624
0.185079971529334,0.30961737099414,0.72798144764163,0.27178300125935,6.41577139991744,-5.28027260910398,4.85768387285238,-1.13630618215578,-4.86083466136191,0.0947190981438294,22.0515577962098,-1.50270404284402,-47.8412454714782,104.79891269099,10.2154040452628,-1.60820427383136,4.31458874618537,-2.71654569421105,0.398906319692611,3.6035793591935,-1692.67439749502,-19.7925008346056,-30.8620602523627,-3801.2422231735
0.185078646859837,0.309619027856387,0.727980579739134,0.271784015485955,6.41577274367733,-5.28026549589595,4.8576589271318,-1.13631466727808,-4.8608071818994,0.0947188039460845,22.0515577962098,-1.50270404284402,-47.8412454714782,104.79891269099,10.2154040452628,-1.60820427383136,4.31458874618537,-2.71654569421105,0.398906319692611,3.6035793591935,-2013.3939195671,-19.7925008346056,-30.8620602523627,-3801.24221648339
0.185079712865861,0.309618968444241,0.727981702319718,0.271782711179174,6.41577276543331,-5.28027947904706,4.85769058432517,-1.13630041921472,-4.86084190913325,0.0947169545252006,22.0515577962098,-1.50270404284402,-47.8412454714782,104.79891269099,10.2154040452628,-1.60820427383136,4.31458874618537,-2.71654569421105,0.398906319692611,3.6035793591935,-1493.92391551533,-19.7925008346056,-30.8620602523627,-3801.24221005798
0.185078140625335,0.309619660500494,0.72798022600261,0.271784435974005,6.41577313956523,-5.28026332309446,4.85764841196278,-1.13631713786806,-4.86079547998641,0.0947171925780118,22.0515577962098,-1.50270404284402,-47.8412454714782,104.79891269099,10.2154040452628,-1.60820427383136,4.31458874618537,-2.71654569421105,0.398906319692611,3.6035793591935,-2080.09383475845,-19.7925008346056,-30.8620602523627,-3801.24220446356
0.185080498203041,0.309617940468464,0.727982599440757,0.271781701936437,6.41576732597231,-5.28028148915499,4.85771288490217,-1.13629330585251,-4.86086655939,0.0947144880346684,22.0515577962098,-1.50270404284402,-47.8412454714782,104.79891269099,10.2154040452628,-1.60820427383136,4.31458874618537,-2.71654569421105,0.398906319692611,3.6035793591935,-2080.09383475845,-19.7925008346056,-30.8620602523627,-3801.24220099723
0.185079966821757,0.309617750579039,0.727981685133949,0.271782748764096,6.41577023273502,-5.28027359747714,4.85768832227659,-1.13630368887054,-4.86083924021965,0.0947145812402007,22.0515577962098,-1.50270404284402,-47.8412454714782,104.79891269099,10.2154040452628,-1.60820427383136,4.31458874618537,-2.71654569421105,0.398906319692611,3.6035793591935,-2048.34277687512,-19.7925008346056,-30.8620602523627,-3801.24219365852
0.185078643394464,0.309617530886167,0.727980017348512,0.271784673785213,6.41577196056744,-5.28025804483845,4.85764193692771,-1.13632077433325,-4.86078803681142,0.0947149669387932,22.0515577962098,-1.50270404284402,-47.8412454714782,104.79891269099,10.2154040452628,-1.60820427383136,4.31458874618537,-2.71654569421105,0.398906319692611,3.6035793591935,-2048.34277687512,-19.7925008346056,-30.8620602523627,-3801.24218955992
