"theta_w","beta_w","lbeta_1","phi_1","chk11","chk21","chk22","logLike"
150,1,2.45,126,9.2,20,60,-8377.71996562282
152.63507040796,-1.02261675580295,2.39137221975176,136.594460856983,8.85878950778349,20.7632258167827,59.1556745426,-7883.3255835185
150.287795974013,-0.64380558035879,2.37518998556407,180.768748741637,7.85033379782002,12.9021088304368,55.5954057786123,-7285.41136269573
357.551019252884,-1.80700676422189,2.52190182707269,243.972056076107,5.59337636174833,10.95400486904,47.8312979025655,-6754.12211159035
601.622061785579,-1.93273190788175,2.73319828500549,252.126714591541,5.49976995754391,24.0077880295458,44.0960625870602,-6626.51923321918
529.330614074342,-1.28383805782734,2.71241297278584,256.971268635851,5.75997719396605,31.9200640671102,42.516688693404,-6576.17939571195
464.665022092131,0.882745584873839,2.68892854305934,267.294874702531,5.98509001434646,38.2743093140981,41.3128443198723,-6546.84974303576
428.004887607683,3.77685373493251,2.68333320660608,279.626890251064,6.18920183467701,43.3905997943909,40.7984568559742,-6529.18725590455
384.565537971624,6.27489218294632,2.6848713929561,292.650773623518,6.40970044663184,47.2936867957563,40.6465974615246,-6518.43639910373
442.92713848389,5.5482070913575,2.73389972774144,298.580369017313,6.41632239473228,46.0616904657934,41.132820690572,-6488.52571886221
603.833318857076,5.09329541132483,2.84647878319957,303.385082369673,6.54782396147036,46.6117195396977,41.628793266753,-6464.32885428596
778.05260444161,4.56991629402224,2.94511103028183,307.324332135974,6.55355618273611,45.9668020480026,42.2817974630005,-6441.21479904403
980.824778271014,4.14182381645403,3.04473169664027,310.666300997299,6.56262429920332,45.5918717550984,42.9651660225275,-6419.8260539523
1210.44561761606,3.76302037595509,3.14260503229518,313.719017334758,6.54983537020637,45.1769273048341,43.663788882107,-6399.6990663502
1470.05753758953,3.44840332048217,3.23991691886598,316.576119463216,6.53088229942065,44.8768947571935,44.355707645996,-6380.84541074348
1758.50382968532,3.1954271009451,3.33522895954563,319.22472202265,6.50531839574589,44.6591266682646,45.0419488482283,-6363.17220497056
2073.62995910582,3.01818513405938,3.42745853518661,321.616046012223,6.47892385619185,44.5562911417887,45.7248506551157,-6346.69325069396
2409.94705193108,2.93659908623992,3.51490662474199,323.68781380037,6.45481972614399,44.5667753762997,46.4117249805488,-6331.41682080655
2759.85730091917,2.98353730032712,3.59605566701865,325.398340275143,6.43698235332139,44.6988333551326,47.1082837269811,-6317.38571579381
3113.7518627555,3.19984906025683,3.66950936947055,326.736893521726,6.42775512696638,44.9460509319616,47.8182036798256,-6304.64234219715
3461.77344749467,3.63070688576643,3.73435649803182,327.731953351459,6.42836152877927,45.2974570398541,48.5404584489582,-6293.23104166229
4199.64779564685,5.16686025003304,3.86035966645098,329.634247534045,6.47319465755065,46.475456520617,50.5128712177353,-6275.55415408495
4690.56268774012,6.70876314057356,3.93017781146587,331.85380859455,6.43345628219338,46.2911243612237,52.1860721896448,-6264.65528895109
5104.03796485139,9.35174966477491,3.97856995508989,335.385473522019,6.51312053673076,47.6410110093612,53.8391855651931,-6254.56422538062
5388.3941817453,12.5707078630416,4.00166414094364,338.890674019347,6.5932003372312,48.9074672145357,55.0753139553576,-6248.2877755445
5612.67039441662,16.2253403300429,4.01408428731094,340.878329792039,6.67218732627853,50.2684661657811,56.0135369080832,-6245.41521771595
5773.11106790709,19.1048247633483,4.02034519827182,341.833939523806,6.68933113424759,50.8785469391918,56.6166785198303,-6244.48300620855
5859.31355186319,20.7575753536175,4.02364255656801,342.265548432846,6.7099021813976,51.4550597442043,56.8379019592765,-6244.29600045075
5906.61235069585,21.3798955242886,4.0266712890909,342.432525439573,6.70767221044402,51.6021822278194,56.8932651344903,-6244.25230242299
5960.81334482875,21.937319312955,4.03116071127543,342.585120479292,6.70692344500083,51.7807578140031,56.9072259055101,-6244.21672343611
6027.23891776774,22.4660665719861,4.03751320344053,342.741566543802,6.70457413296671,51.952235282067,56.8927186212179,-6244.18393734557
6099.27983840857,22.9172590175875,4.04507847944866,342.885308798468,6.70186099950193,52.1075424533016,56.8515495023026,-6244.15547644206
6176.60887341841,23.2952626036304,4.05374998552888,343.010664005634,6.69865277656661,52.2450671025094,56.7839313086297,-6244.1297464388
6249.53270124646,23.5566879404215,4.06239277350521,343.09296955608,6.69527970130293,52.3494035048004,56.6946635012877,-6244.10712120709
6313.40435859067,23.6959949642675,4.07038383023519,343.116088829628,6.69182601619239,52.4178094850755,56.5859979414727,-6244.08630596325
6362.09058638032,23.708164800262,4.0769086048085,343.067720770549,6.68850828306913,52.4455606655961,56.4672187676228,-6244.06720831682
6395.9685039778,23.6069721618926,4.08195485265285,342.949356456024,6.68542371021404,52.4349168828598,56.3449683265166,-6244.04959283326
6415.44317708925,23.4129170773136,4.08548678521333,342.779736231895,6.68292546407545,52.3899580356607,56.2336588647353,-6244.03405035476
6423.92665020488,23.1452571614008,4.08788444790636,342.579439013366,6.68122941986915,52.3175144028809,56.1392685009005,-6244.02025922989
6423.29536279169,22.834257444886,4.08926953181516,342.377871251215,6.68058208739657,52.2279138775759,56.070307673475,-6244.00824290589
6415.2646312999,22.4966351590798,4.08980152758926,342.189019483456,6.68098572290795,52.1274957964365,56.0273502742616,-6243.99752379416
6401.22976763616,22.1667688332846,4.08950665080109,342.031659173621,6.68234069095031,52.0270560177358,56.0122924586988,-6243.9881626681
6382.29668849426,21.8614494591022,4.08844898970666,341.908619454915,6.68444642563283,51.9316491316647,56.0223684868927,-6243.97992495765
6360.52402482178,21.6108850398907,4.08675059710013,341.824853736752,6.68696651896209,51.8503891079083,56.0532975026686,-6243.97292925231
6337.2759751614,21.423803267365,4.08454186942065,341.774353760417,6.68963786030364,51.7859417686022,56.0994477918105,-6243.96699432752
6314.94882865468,21.3122699005687,4.08207621956778,341.752193614634,6.69211507163907,51.7426210839118,56.153081387133,-6243.96213275097
6294.83875123267,21.2722425767549,4.07954121088436,341.749970615054,6.69422147627343,51.7198385025547,56.2084603850307,-6243.95816003899
6278.90197228232,21.2974197946666,4.07722931004965,341.760382207803,6.69575375551174,51.7169201982852,56.2583889353215,-6243.95502937946
6267.99614421038,21.3735600230085,4.07532813480737,341.776347645372,6.6966650055269,51.7304754113929,56.2986975040012,-6243.95259257572
6262.84696329144,21.480581161236,4.07404139093198,341.791389328966,6.69694760091012,51.755462837236,56.3253566462619,-6243.95077298308
6263.00196929514,21.5975520308705,4.07341873538365,341.800832560369,6.69671693125762,51.7859765373568,56.337795913788,-6243.94944406581
6267.26657934226,21.702443596898,4.07341611389788,341.801688304849,6.69614746648975,51.8154500785444,56.3372567669415,-6243.94851850452
6273.79261306504,21.7802841619785,4.07386313448377,341.793420862792,6.69544336414495,51.8389549133201,56.3272754142792,-6243.9479008164
6280.44789634425,21.8222181016172,4.07451914880702,341.777821319177,6.69480186492936,51.8530459697432,56.3126469998083,-6243.94751798846
6285.52428616337,21.8304618800024,4.07514229185694,341.75848037845,6.69435869493579,51.8574776412961,56.2982736158651,-6243.94729893562
6288.14351163089,21.8158189075496,4.07555780783095,341.739912504158,6.69416391931109,51.854620021363,56.2880208043595,-6243.94718710648
6288.57291403788,21.7934953211794,4.07572179164752,341.725478212371,6.69416868064381,51.8486075820462,56.2831944525116,-6243.94713741732
6287.80668003275,21.7761728131563,4.07570129309492,341.716462352867,6.6942706021012,51.8433474968817,56.2826810571933,-6243.94711932458
6286.91071207784,21.7681425091439,4.07561643069467,341.711459015556,6.69436793928033,51.8405181001152,56.2839039601889,-6243.94711399112
6286.38341487949,21.7664968892336,4.07554890970123,341.708290589311,6.69442307102105,51.8396520739803,56.2849508074317,-6243.94711262238
6286.15018848218,21.7668730538146,4.07551093025644,341.705523976059,6.69444753502631,51.8394988896334,56.2854293846346,-6243.94711219213
