"beta_w","theta_1","beta_1","theta_i","beta_i","phi_1","eta_i","phi_i","chk11","chk21","chk22","chk31","chk32","chk33","logLike"
1,1,1,1,1,1,1,1,10,0,10,0,0,40,-10739.8782441597
-0.0286524701329984,4.00851501453371,0.888164575920911,-3.10152640671348,1.13194639608679,6.07501844943053,-0.689742284927389,5.98152524019065,9.75290220586823,-1.53060598494511,7.8537265157729,1.18232071336518,-1.72934986513693,39.7349043202876,-10372.7072151688
-0.29767985753037,-13.9992553012281,0.57410160020478,-19.674161105395,1.1464524680503,24.1143545606153,-0.311104929495179,-1.24135495455744,9.09278700090663,-3.76252706702231,6.31384188776899,-0.385072529052207,-4.86506318548175,37.5212872046425,-9772.23256462726
-1.64058511181852,-15.7785027776941,0.552669522078072,-18.2687741522985,1.31243494236024,37.2248416621423,-0.305132923408873,-10.0044773732056,8.20451668982817,-4.03463094136641,4.98054230857908,2.49723045546469,-3.52504872182915,36.4416261223586,-9138.03035611275
-1.61357812282559,-16.0041953096802,0.556063916030894,-18.0512309178597,1.30398627730254,38.7177932068585,-0.281015357819735,-10.9274591962588,8.22519947591191,-4.10571619030981,4.97088559675566,3.13409480554532,-3.82589312936256,36.548049692861,-9034.89247032304
-1.51512269160569,-16.3116157140816,0.557942992965222,-17.7411170474284,1.29770381355214,41.6034225581513,-0.214147464438606,-13.1027716812921,8.24453062762793,-4.21955894131168,4.96139938931637,4.40469968380772,-4.4629501535648,36.7605484447021,-8850.6679060738
-1.49017950412147,-16.3757115179331,0.55704337766017,-17.6702861051045,1.29942096762301,42.950343032029,-0.196111558888893,-13.8741893952509,8.23173508043026,-4.27489195260089,4.96320876015805,5.05541238129077,-4.80943584483189,36.8715318166988,-8782.62884754821
-1.46000285441672,-16.4381489702152,0.553269814946513,-17.5921712904903,1.30779277504354,45.8005070113284,-0.158329900016887,-15.1646249462545,8.15486250693153,-4.36825366125158,4.96278883886687,6.44239907749294,-5.50719083673271,37.0841490027181,-8662.17062585694
-1.73860052952266,-17.5430294938198,0.47275390885225,-16.0312016811673,1.40715858280313,58.456160527805,-0.13561767686944,-17.2310803987085,7.17433452182254,-4.77495251589304,4.75431920226719,11.8292703658997,-6.04218173445056,35.3166435243618,-8435.86834884467
-2.08086792686693,-19.8419885343492,0.338899389486177,-12.6987453356973,1.53092570947516,63.2818666476306,-0.143241843351488,-18.3114522436133,7.05648207886438,-5.18945054749071,4.56319314497946,16.8283197984969,-7.20533204741886,34.1754042597627,-8337.13651156945
-2.27778621898506,-21.5423158617,-0.0313218859320452,-6.22024676635885,1.21536771509186,68.0311348414504,-0.110764754200487,-16.4298765047928,7.11750190647637,-6.32654680588011,4.22062952898066,24.2320703578712,-9.4222937822206,33.54568184397,-8317.35724863926
-1.22115710850372,-18.5437938683064,0.0453331758620591,-5.70865904038997,1.25415963958302,70.9069930921142,-0.0709417045770536,-10.5566755146413,7.37802915862762,-6.45449432952465,4.26277224559391,25.2602462526524,-9.12310516192958,34.2148710422321,-8265.6750323291
-1.06070269693246,-9.383363044622,0.0532389746498488,-3.8621421700124,0.627387332218239,73.4286325397453,-0.0571651345009704,-8.04263317874668,7.55385746872768,-6.63840278269658,4.27481229477675,26.1669120518327,-8.38956286270363,34.7277593739246,-8234.94640655564
-1.10846760769323,-7.90670964297565,0.0327557672972252,-3.6103605567419,0.462250085540466,73.3463767070774,-0.0586760001346378,-8.17704304203948,7.61388872687253,-6.65238156789676,4.34066874568708,26.9927021418365,-8.25402443793607,35.4387108165216,-8220.83762355417
2.52101640022868,18.5338365535579,-0.143817214487699,-0.96443143269032,-2.08437008938187,89.4785523751793,0.139472588811919,19.136205188497,7.3783651043312,-6.42594733315517,4.35277458331756,25.095863071644,-8.34323783822055,35.0566627918328,-8183.85620001089
8.51889159109404,63.664415545394,-0.118223425479928,50.2438025918534,-1.48854309760179,113.481680143753,0.453541338996892,63.0086663002096,7.15582361137731,-6.19650764430485,4.35105438952145,23.9148637938885,-8.14721834483936,33.806131382929,-8149.64120449217
9.53310442599495,52.5782236838934,0.560787908388866,118.07477082725,7.23041792275164,117.076598338915,0.422964482545379,63.0412461488459,7.23075725289335,-6.17171248773274,4.34828415194824,24.581272374109,-7.37745547139281,33.89175490295,-8127.22097245773
9.2640755743259,144.801267092748,3.05636000806446,488.066451876628,38.2164341340441,118.489456476043,0.404655488659877,63.9949083844077,6.98391425252896,-5.90475978918076,4.3443217582388,24.4883092132456,-7.76214345716401,34.2206699862538,-8086.95555950602
8.45877921427999,374.683917641854,8.36854490097426,1380.6062525811,110.555537007282,123.137045014183,0.42254061175401,69.7653408580938,6.5505453649311,-5.58424545848304,4.36839401714771,23.4328783464446,-8.03746629458951,34.2895554507997,-8037.28135620074
8.68150652856579,596.808990091155,14.4975845330581,2473.83994305426,203.229679147821,127.416596734677,0.4544685573773,76.6517734134157,6.39409800353911,-5.46579087041037,4.38802108760717,23.1133082452798,-7.69956644157951,34.4168161233194,-8009.70636026866
9.09721059494302,709.402363163112,18.6329882697608,3081.75769249625,256.869364559181,128.753316725308,0.446343823814553,77.2300427079818,6.4282222508234,-5.48498367619779,4.39195853139822,23.241714568695,-7.45199369352566,34.7014342752129,-7998.79263703474
9.55243639062156,762.834386334423,20.9754455423055,3432.42715049501,288.641037839113,129.413207055148,0.438492554990318,77.7334067190541,6.49417260780793,-5.53162644952145,4.40269117585954,23.3475201265829,-7.60035199586984,35.0374564815047,-7994.85233713006
10.2879279270688,803.474144610962,23.4826143241612,3818.29230750304,324.618019973232,130.293987047462,0.426051227184554,77.5805590608862,6.59051071324876,-5.59473375725328,4.41947319102675,23.5886570960001,-7.96641881203116,35.4931359296799,-7992.766566541
10.8127570936868,810.232161282667,24.181960417103,3916.81454266068,334.406535941875,130.806216401622,0.431764478070378,78.8272922602501,6.62643709559993,-5.62954668846615,4.42795260863209,23.7765441360167,-8.14105900601306,35.7337088516324,-7992.50153653557
11.0093071143235,799.569196363636,24.1412780988065,3911.60439782712,334.627383702013,131.046853974302,0.432056933815278,78.7963663325457,6.64299925770458,-5.65031622377482,4.43153165048345,23.8935904627631,-8.20281038808452,35.927626411802,-7992.37241715406
11.077109495844,792.445979891706,23.9667886575969,3875.25112864427,331.742670865957,131.19125181796,0.434547475407127,79.00229251533,6.6436894262314,-5.65612447630137,4.43330297690891,24.0156218853504,-8.24030948522724,36.0782155754112,-7992.31414527338
11.073920820704,792.563059233909,23.9283741132024,3876.53760353585,331.690629812134,131.373073739297,0.436289932569395,79.171821336761,6.63832500459506,-5.65349520350505,4.43176346642642,24.0979268907909,-8.24617716198572,36.1362327391854,-7992.29727644888
11.0423371641598,795.762583037482,23.9414563944158,3877.8464186999,331.613702087261,131.514975295075,0.437276899885734,79.357659142801,6.63338860757531,-5.6491143253013,4.43102345751333,24.1252153992539,-8.24490623443583,36.1590218756262,-7992.29330703808
11.0272802551718,798.237031191985,23.9664732499697,3885.283868773,332.088598454639,131.615051292452,0.43759251492661,79.4739066877014,6.63196647214865,-5.64780012692323,4.43021950537282,24.129134090859,-8.24067242665507,36.1608737535512,-7992.29245053393
11.0195913499547,799.862120044331,23.9846983814095,3888.13492013147,332.253958984017,131.679540922918,0.437666834679109,79.5494257660414,6.63171787025556,-5.64719934413253,4.4301417570618,24.1224435235741,-8.23832806553863,36.1589044851672,-7992.29219601167
11.0197114131848,800.35972524434,23.9906237142469,3889.74017835573,332.360374690832,131.706590121341,0.437635602258221,79.579282006335,6.63202878764138,-5.64735924651239,4.43018824978222,24.1167224406321,-8.23723259469397,36.1567500225981,-7992.29213545453
11.0218435555709,800.379546086681,23.9915294603858,3889.77865461308,332.36617018173,131.713140360056,0.437601281747212,79.5853648851094,6.63229611193222,-5.64751524937271,4.43034609126284,24.1142986058605,-8.23731534847212,36.1558081154084,-7992.2921225455
11.0233545513628,800.30509150705,23.9908127859994,3889.83594204441,332.374698751103,131.713943591424,0.437584862938361,79.5855918361528,6.63239395198609,-5.64759334117901,4.43043357064798,24.1134905765426,-8.23762535140946,36.1556699239172,-7992.29211852189
11.0249071694507,800.221051314829,23.9900605992638,3889.92130321471,332.387059202817,131.71422604217,0.437570544690976,79.5851369462472,6.63247810551632,-5.64765781948564,4.43052796471193,24.1131427973004,-8.23795171463558,36.1556289224626,-7992.29211518419
11.0263669783535,800.13790917008,23.9892507125047,3890.10187995112,332.407478747601,131.714420391231,0.437557623878348,79.5846227352708,6.63254292393215,-5.64770714158409,4.430620895617,24.1128363079367,-8.23832635786533,36.1556519286499,-7992.29211203205
11.0278474680743,800.051779551816,23.9883938537708,3890.37244607265,332.436096628619,131.714543335075,0.437544106475892,79.5839701782851,6.63260758444347,-5.64775643242888,4.43071750628564,24.1126102465276,-8.23870812030094,36.155685928665,-7992.2921088709
11.0292693781598,799.968719232304,23.9875595599999,3890.73332055657,332.472547242242,131.714654734655,0.437531070709316,79.5833284713391,6.6326660798616,-5.64780008460566,4.43081104358485,24.1124003454338,-8.23907925215133,36.1557290747635,-7992.29210578916
11.0246170467017,799.931460541564,23.9824058985785,3913.41185487174,334.482999855199,131.709440584093,0.437464450003538,79.5752405579718,6.63248973683157,-5.64755056854879,4.43131985524107,24.1151426548021,-8.23873895073049,36.1549420754439,-7992.29189713523
11.027003229068,799.949440078413,23.9859632614572,3910.44164703953,334.228129091335,131.704451054054,0.437466098018801,79.5694211900091,6.63256505520471,-5.64778925342938,4.43078770446794,24.1154443618293,-8.23730726873245,36.1558928601274,-7992.29186882212
11.02531391332,799.906784299135,23.9830600109536,3912.34484525093,334.399312989333,131.704187061672,0.437434831756418,79.5675693376986,6.63247163790982,-5.64765390140382,4.43070029000553,24.1150338596355,-8.23706687503409,36.1560443065804,-7992.29186059432
11.0265064732794,799.923276061293,23.9845666893217,3912.32852209114,334.401039266089,131.704035506063,0.437451314774779,79.5690428582119,6.6325056736953,-5.64771987983705,4.43055330058019,24.115446971275,-8.23664690158804,36.1560670175757,-7992.29185777923
11.0260419861256,799.892476729194,23.9834388447107,3912.69602746806,334.435221856895,131.703619353772,0.437435643691351,79.5670762081345,6.63247553578389,-5.64768496033404,4.43050308819473,24.1152418638994,-8.2364931119603,36.1561143986399,-7992.29185675847
